,sentence,pred_sentence_tok,sentence_tok,pred_sentence
0,พลโทแล้วเอาจริงจริงอ่ะนะถ้าผมได้เป็นทาหารแล้วเข้าไปในกรมอ่ะนะเออเมื่อวานเข้าไป,คน ทูก์ แล้ว เอาจริง อ่ะ นะ ถ้า ผม ได้ เป็น หา ร่า เข้าไป ใน กร มะ น้ะ เออ มึ วาน ก็ ไป,พลโท แล้ว เอาจริง จริง อ่ะ นะ ถ้า ผม ได้ เป็น ทา หาร แล้ว เข้าไป ในกรม อ่ะ นะ เออ เมื่อวาน เข้าไป,คนทูก์แล้วเอาจริงอ่ะนะถ้าผมได้เป็นหาร่าเข้าไปในกรมะน้ะเออมึวานก็ไป
1,ใช้สองเครื่องนี้เล่นนะเห็นป้ะเนียอ่าเล่นอาโอวีได้น้าอ่าเห็นไหมอูหูวลื่นโคตรลื่น,ไอ้ สอง เครื่อง นี้ เล่น นะ ใช้ ป็นนีย อ่า เล่ะ ดาว วี ได้ นะ ไห่ แว๊ หู ลื่น โค,ใช้ สอง เครื่อง นี้ เล่น นะ เห็น ป้ะเนีย อ่า เล่น อา โอ วี ได้ น้า อ่า เห็น ไหม อู หู ว ลื่น โคตร ลื่น,ไอ้สองเครื่องนี้เล่นนะใช้ป็นนียอ่าเล่ะดาววีได้นะไห่แว๊หูลื่นโค
2,เพื่อนว่าไงเข้าป่าวนาคอสเข้าดิวีร่าวีร่าวีร่าว่าไงโห่วีร่ามันมันหนีวะ,ป็นบึาน ไง ข้าวป่า วนา คอ ส เก้า ดิ วี ได้ า วี ร่า วี ร่า ไป ไ โอ วี ร่า มัน มัน หนี ว่ะ,เพื่อน ว่า ไง เข้า ป่า วนา คอ ส เข้า ดิ วี ร่า วี ร่า วี ร่า ว่า ไง โห่ วี ร่า มัน มัน หนี วะ,ป็นบึานไงข้าวป่าวนาคอสเก้าดิวีได้าวีร่าวีร่าไปไโอวีร่ามันมันหนีว่ะ
3,ไม่กลับตายควยเป็นไง,แม่ ง กาบ ป้า ควย เป็นไง,ไม่ กลับ ตาย ควย เป็นไง,แม่งกาบป้าควยเป็นไง
4,โง่ดักดานจริงจริงเลยไอ้พวกเหี้ย,โง่ นัง ดา เจ ริ ง จริง เลย อ้วก เหี้ย,โง่ ดักดาน จริง จริง เลย ไอ้ พวก เหี้ย,โง่นังดาเจริงจริงเลยอ้วกเหี้ย
5,เห้ยให้มันโซโลอยู่โซโลอยู่ท่านผู้ชมเอาดิแวนแวนน่าจะตายผมนะผมน่าจะได้แวนนะ,เห้ยห้ มัน โซล งอ ย่าม ซลน อยู่ แช่ ชม เอ่าวดิ้ แวน แว นั้น จะ ตาย ผม นะ มึง น่าจะ ได้ แวน นะ,เห้ย ให้ มัน โซโล อยู่ โซโล อยู่ ท่าน ผู้ชม เอา ดิ แวน แวน น่าจะ ตาย ผม นะ ผม น่าจะ ได้ แวน นะ,เห้ยห้มันโซลงอย่ามซลนอยู่แช่ชมเอ่าวดิ้แวนแวนั้นจะตายผมนะมึงน่าจะได้แวนนะ
6,ทำหน้าเจื่อนเจื่อน่ะเหี้ยตอนนั้นผมแบบรู้สึกผิดมากเหี้ยแบบผมอยากจะบอกขอโทษว่าเหี้ยกูขอโทษ,ท้ำ น่า จจืน เจือ น น่ะ ให้ เห ีปนคน้งผม แบบ ม รู้สึก ผิด มาก เหี้ย แบบ พผม อยาก จะ บอก ขอโทษ เระ เอ้ย กู ขอโทษ,ทำ หน้าเจื่อน เจื่อ น่ะ เหี้ย ตอนนั้น ผม แบบ รู้สึก ผิด มาก เหี้ย แบบผม อยาก จะ บอก ขอโทษ ว่า เหี้ย กู ขอโทษ,ท้ำน่าจจืนเจือนน่ะให้เหีปนคน้งผมแบบมรู้สึกผิดมากเหี้ยแบบพผมอยากจะบอกขอโทษเระเอ้ยกูขอโทษ
7,นี่ครั้งแรกของผมเลยนะครับที่ผมได้ยินว่าใครสักคนหนึ่งโดนกล่าวหาว่าก๊อป,เป็นครั้งแรก ของ ผม เลย นะ ครับ ที่ ผม ได้ยิน ว่า ใคร สัก คน นึง โดน กล่าว หาว่า ก๊อ ป,นี่ ครั้งแรก ของ ผม เลย นะ ครับ ที่ ผม ได้ยิน ว่า ใคร สัก คน หนึ่ง โดน กล่าว หาว่า ก๊อ ป,เป็นครั้งแรกของผมเลยนะครับที่ผมได้ยินว่าใครสักคนนึงโดนกล่าวหาว่าก๊อป
8,ฮากูมากป้ะ,ห่า กู มาก ป้า,ฮา กู มาก ป้ะ,ห่ากูมากป้า
9,มึงให้กูเขียนว่าอะไรนะ,มึง ให้ กู เขียน ว่า อะไร นะ,มึง ให้ กู เขียน ว่า อะไร นะ,มึงให้กูเขียนว่าอะไรนะ
10,กากไงเพิ่มนี่เพิ่มหิวหรือเพิ่มขาดเดี๋ยวจะจัดให้เพิ่มทุกทีอ่า,มึง ตราบ ไง เพิ่ม นี่ พื่อ มหิ วห รึ พื่อมข ราด เดี๋ยว จะ จัด ให้ กู,กาก ไง เพิ่ม นี่ เพิ่ม หิว หรือ เพิ่ม ขาด เดี๋ยว จะ จัด ให้ เพิ่ม ทุกที อ่า,มึงตราบไงเพิ่มนี่พื่อมหิวหรึพื่อมขราดเดี๋ยวจะจัดให้กู
11,นี่ถ้าพูดอีกสักสองสามรอบนี่กูบ้าตามแน่แน่,นี่ ถ้า พูด อีก สัก สอง สาม ล๊อ มี่ กู บ้า ตาม แล้ว เนีย,นี่ ถ้า พูด อีก สัก สอง สาม รอบ นี่ กู บ้า ตาม แน่ แน่,นี่ถ้าพูดอีกสักสองสามล๊อมี่กูบ้าตามแล้วเนีย
12,เอาดินาคอสนาคอสนี่นี่วีร่าวีร่าเอาดิเดี๋ยวผมรอนะผมรอมีวีร่าอยู่ในป่าอยู่,ออ ดี นา ค้อ นา รน นัมี วี ร่า เวี ร่า ออ ลี่ เดี๋ยว ผม รอ นะ ผม ลอง นีเว ร่า อะ ปา อยู่,เอา ดิ นา คอ ส นา คอ ส นี่ นี่ วี ร่า วี ร่า เอา ดิ เดี๋ยว ผม รอ นะ ผม รอ มี วี ร่า อยู่ ใน ป่า อยู่,ออดีนาค้อนารนนัมีวีร่าเวีร่าออลี่เดี๋ยวผมรอนะผมลองนีเวร่าอะปาอยู่
13,มึงทำแค่นี้แล้วมึงได้ขนาดนี้,มึง ทำ แค่นี้ แล้ว มึง ได้ขนาด นี้ อ่ะ,มึง ทำ แค่นี้ แล้ว มึง ได้ขนาด นี้,มึงทำแค่นี้แล้วมึงได้ขนาดนี้อ่ะ
14,มันเป็นข้อดีด้วยซ้ำไม่ใช่เหรอที่การสันนิษฐานของมึง,มัน เป็น ข้อดี ด้วย ซั้มั้ เห่ ใน การ สัด ึ ฐาน ของ มึง,มัน เป็น ข้อดี ด้วยซ้ำ ไม่ ใช่ เหรอ ที่ การสันนิษฐาน ของ มึง,มันเป็นข้อดีด้วยซั้มั้เห่ในการสัดึฐานของมึง
15,มึงแยกไม่ออกด้วยซ้ำว่าแม่งคือคนละคลิปกัน,มึง แยก ไม่ ออก ด้วย ซาก มา รถ แม่ ง คือ คน ล คลิป กัน,มึง แยก ไม่ ออก ด้วยซ้ำ ว่า แม่ ง คือ คนละ คลิป กัน,มึงแยกไม่ออกด้วยซากมารถแม่งคือคนลคลิปกัน
16,ปากีอ่ะหิวหีด้วย,อู ปาก กี อ่ะ ศิว วิ หี ด้วย,ปากี อ่ะ หิว หี ด้วย,อูปากกีอ่ะศิววิหีด้วย
17,เค้าจะใช้แฮ็คก็เรื่องของเขามันไม่ได้เกี่ยวกับเรา,ร เขา จะ ใช้ แค้ ง กะ เห ริ ด ของ เขา มัน ไม่ ได้ เกี่ยวกับ เรา,เค้า จะ ใช้ แฮ็ค ก็ เรื่อง ของ เขา มัน ไม่ ได้ เกี่ยวกับ เรา,รเขาจะใช้แค้งกะเหริดของเขามันไม่ได้เกี่ยวกับเรา
18,เป็นควายนะไอ้เหี้ย,มึง เป็นความ นั่อ้ เหี้ย,เป็น ควาย นะ ไอ้ เหี้ย,มึงเป็นความนั่อ้เหี้ย
19,นี่น่าจะเป็นเป้าหมายหลักเป้าหมายหลักครับที่โอตะตัวปลอมใช้ในการก๊อปปี้,แถะ นี่ ย น่าจะเป็น ทาร์ เก็ต ลัก หลัก ครับ ที่ โอ ตะ ตัว ปลอม ใช้ ใน การ ก๊อ ป ปี,นี่ น่าจะเป็น เป้าหมายหลัก เป้าหมายหลัก ครับ ที่ โอ ตะ ตัว ปลอม ใช้ ใน การก๊อปปี้,แถะนี่ยน่าจะเป็นทาร์เก็ตลักหลักครับที่โอตะตัวปลอมใช้ในการก๊อปปี
20,เดี๋ยวนี้ก๊อปมันเป็นคำคำหนึ่งที่แบบมึงอยากจะใช้มึงก็ใช้,เดี๋ยวนี้ ก๊อ ป มัน เป็น คำ คำนึง ที่ แบบ มึง อยาก จะ ใช้ มึง ก็ แถ,เดี๋ยวนี้ ก๊อ ป มัน เป็น คำ คำ หนึ่ง ที่ แบบ มึง อยาก จะ ใช้ มึง ก็ ใช้,เดี๋ยวนี้ก๊อปมันเป็นคำคำนึงที่แบบมึงอยากจะใช้มึงก็แถ
21,ที่สำคัญกว่านั้นก็คือเราสามารถที่จะบอกวิธีแก้ไขปัญหา,ทึงท่ ที่ สำคัญ กว่า นั้น ก็ คือ เรา สามารถ ที่จะ บอก วิธี แก้ ใคร กั ได้,ที่ สำคัญ กว่า นั้น ก็ คือ เรา สามารถ ที่จะ บอก วิธี แก้ไขปัญหา,ทึงท่ที่สำคัญกว่านั้นก็คือเราสามารถที่จะบอกวิธีแก้ใครกัได้
22,เอ่าเอ้าเอ้าแล้วคือเหี้ยอะไรกูกดกลับไม่ได้โอ้ยสมองกูเป็นเหี้ยอะไร,อี เอา เอา เอา แล้วก็ เหี้ย อะไร กู กด กับ ไม่ ได้ โอ้ย สมอง กู เป็น เหี้ย อะไร,เอ่าเอ้าเอ้า แล้ว คือ เหี้ย อะไร กู กด กลับ ไม่ ได้ โอ้ย สมอง กู เป็น เหี้ย อะไร,อีเอาเอาเอาแล้วก็เหี้ยอะไรกูกดกับไม่ได้โอ้ยสมองกูเป็นเหี้ยอะไร
23,แม่มึงอ่ะเหลืองเตอะฟันมึงเองรึป่าวไอ้ควาย,แม่ มึง อะ เหลือก เติก ฟัน มึง เอง รึ บ หาย ควาย,แม่ มึง อ่ะ เหลือง เตอะ ฟัน มึง เอง รึ ป่าว ไอ้ ควาย,แม่มึงอะเหลือกเติกฟันมึงเองรึบหายควาย
24,ใสมากกูคือกูใสแบบใสสัดสัดเลยเราไม่รู้เปิดกูเกิลไปปั้บที่นี่กด,ใส่ มาก กู คือ กู ใส แอบ ใส สัด สัด เลย เล้ ไม่ รู้ ว้ย เปิด กู เกิน ใบ บับ ที อ,ใส มาก กู คือ กู ใส แบบ ใส สัด สัด เลย เรา ไม่ รู้ เปิด กูเกิล ไป ปั้บ ที่นี่ กด,ใส่มากกูคือกูใสแอบใสสัดสัดเลยเล้ไม่รู้ว้ยเปิดกูเกินใบบับทีอ
25,วินแล้วแล้วก็มีผู้หญิงคนนึงซ้อนท้ายแล้วก็บอกบ๊ายบายเดี๋ยวชั่วโมงนึงพี่กลับมานะซันนี่แล้วก็นั่งมอไซวินไปบึ้น,เซ วิน แล้ว ผูหญิ หนึ่ง ซ้อนท้าย แล้วก็ บอก ใบ บาย เด็ก ชั่วโมง นึง พี่ กลับ มานะ ซะ นี่ แล้วก็ นั่ง รอ ไซ วิน ไ,วิน แล้ว แล้วก็ มี ผู้หญิง คน นึง ซ้อนท้าย แล้วก็ บอก บ๊ายบาย เดี๋ยว ชั่วโมง นึง พี่ กลับ มานะ ซันนี่ แล้วก็ นั่ง มอ ไซ วิน ไป บึ้น,เซวินแล้วผูหญิหนึ่งซ้อนท้ายแล้วก็บอกใบบายเด็กชั่วโมงนึงพี่กลับมานะซะนี่แล้วก็นั่งรอไซวินไ
26,ไม่ใช่ครับคริ้นที่มึงนี่แหละ,ไม่ ใช่ ครับ ค ริ้น ที่ มึง เนี่ย และ,ไม่ ใช่ ครับ ค ริ้น ที่ มึง นี่แหละ,ไม่ใช่ครับคริ้นที่มึงเนี่ยและ
27,แร็ปกูจับไมค์แต่ว่าในใจอยากจับนมนะฮือมึงควรดูบ้องด้วย,เรา แร ว กู จับ หม่ แต่ว่า แด่ ใจ อยาก จับ นมะ ฮื้อ กู ก็ ดู ฟอง ด้ววย,แร็ป กู จับ ไมค์ แต่ว่า ใน ใจ อยาก จับ นม นะ ฮือ มึง ควร ดู บ้อง ด้วย,เราแรวกูจับหม่แต่ว่าแด่ใจอยากจับนมะฮื้อกูก็ดูฟองด้ววย
28,แต่เราลองมาฟังดูดีกว่าครับว่าปรสิตคุงเนี้ยจะว่ายังไง,แต่ เรา ลอ มา ฟัง ดู ดีกว่า ครับ ว่า ปรสิต คง เนี่ย จะ ว่า ยังไง,แต่ เรา ลอง มา ฟัง ดู ดีกว่า ครับ ว่า ปรสิต คุง เนี้ย จะ ว่า ยังไง,แต่เราลอมาฟังดูดีกว่าครับว่าปรสิตคงเนี่ยจะว่ายังไง
29,เห้ยทำไมวันไหนมันยากมันก็จะยากทุกเกมเลยวะไอ้เหี้ย,เอ้ย กู ทำไม วัน ไหน มัน ยาก เหมือน ก็ จะ ยาก กู เกม เลย ไว้ ีย,เห้ย ทำไม วัน ไหน มัน ยาก มัน ก็ จะ ยาก ทุก เกม เลย วะ ไอ้ เหี้ย,เอ้ยกูทำไมวันไหนมันยากเหมือนก็จะยากกูเกมเลยไว้ีย
30,บอกคนทั้งซอยหรอกมึงกลัวกูไม่ตื่นเช้าหรอ,ึ โปก บน ทั้ง ซอย หรอก มึง กลัว กู ไม่ ตื่น ตอน ชะ ะ อา หวย,บอก คน ทั้ง ซอย หรอก มึง กลัว กู ไม่ ตื่น เช้า หรอ,ึโปกบนทั้งซอยหรอกมึงกลัวกูไม่ตื่นตอนชะะอาหวย
31,ครับผมไม่ได้เสียอะไรผมทำคลิปดีดีแบบนี้ออกมาแต่มึงไม่ดูเรื่องของมึงดิ,ครับผม ไม่ ได้เสีย อะ ไรผม ทำ คลิป ดี ดี แบบนี้ ออกมา แต่ มึง ไม่ ดู เรื่อง ของ มึง ดี,ครับผม ไม่ ได้เสีย อะ ไรผม ทำ คลิป ดี ดี แบบนี้ ออกมา แต่ มึง ไม่ ดู เรื่อง ของ มึง ดิ,ครับผมไม่ได้เสียอะไรผมทำคลิปดีดีแบบนี้ออกมาแต่มึงไม่ดูเรื่องของมึงดี
32,คือมึงจะตั้งชื่อคลิปไม่เหมือนปกคลิปไม่เหมือนมึงคิดว่ากูไม่รู้หรอ,ถอ มึง จะ ตั้งชื่อ คลิป ไม่ เหมือน ปก คลิป ไม่ เหมือน มึง คิด ว่า กู ไม่ รู้ รอ,คือ มึง จะ ตั้งชื่อ คลิป ไม่ เหมือน ปก คลิป ไม่ เหมือน มึง คิด ว่า กู ไม่ รู้ หรอ,ถอมึงจะตั้งชื่อคลิปไม่เหมือนปกคลิปไม่เหมือนมึงคิดว่ากูไม่รู้รอ
33,คือมึงทำได้เวอร์เหี้ยเหี้ยเลย,คือ มึง ทำได้ เว่า เห ี้ เหี้ย เลย อีก,คือ มึง ทำได้ เวอร์ เหี้ย เหี้ย เลย,คือมึงทำได้เว่าเหี้เหี้ยเลยอีก
34,แม่งลอยไปนเสา,แม่ ง ร้อย ไป ชด เสา,แม่ ง ลอย ไป น เสา,แม่งร้อยไปชดเสา
35,กูเซ็ทมายเซ็ทละกูพูดอะไรในนี้ก็ถือว่าสมมุติละกันมันเป็นเรื่องสมมุติมันมันเป็นอิสลาม,อ กู เซ ซ มาย เซ็จล้ะ กู พูด ระ ย่า งี้ ก็ ับผู วะ ส มุ ติระ งั้น มัน เปน เรอ สมมุติ มัน มัน เป็น อิส ลาน,กู เซ็ท มาย เซ็ท ละ กู พูด อะไร ใน นี้ ก็ ถือว่า สมมุติ ละ กัน มัน เป็นเรื่อง สมมุติ มัน มัน เป็น อิสลาม,อกูเซซมายเซ็จล้ะกูพูดระย่างี้ก็ับผูวะสมุติระงั้นมันเปนเรอสมมุติมันมันเป็นอิสลาน
36,ผิดครับไอ้สัสยังคงมุ่งมั่นแน่วแน่ตรงคอนเซปต์ของตัวเองคลิปของคนอื่นร้อยเปอร์เซ็น,ผี ด ครับ ไอ้ สัด นึง คง มุง มั่น แนว แน ตรง คอน เซิร์ต ของ ตัวเอง คลิป ของ คนอื่น ร้อย เปอร์เซ็นต์,ผิด ครับ ไอ้ สัส ยังคง มุ่งมั่น แน่วแน่ ตรง คอนเซปต์ ของ ตัวเอง คลิป ของ คนอื่น ร้อย เปอร์ เซ็น,ผีดครับไอ้สัดนึงคงมุงมั่นแนวแนตรงคอนเซิร์ตของตัวเองคลิปของคนอื่นร้อยเปอร์เซ็นต์
37,ตายตายกูตาย,ตาย ตาย กู ตาย,ตาย ตาย กู ตาย,ตายตายกูตาย
38,กูจะ,กู เย็ด ท้ กู,กู จะ,กูเย็ดท้กู
39,ครับโอเคเข้าใจตรงกันนะมึงรับไม่ได้มึงออกแชทไปมงออกไปถ้า,ครับ โอเค เข้า ใจตรงกัน นะ มึง ลับ ไม่ ได้ มึง ออก แชท ไป มึง ออก ไป ถ้า,ครับ โอเค เข้า ใจตรงกัน นะ มึง รับ ไม่ ได้ มึง ออก แชท ไป มง ออก ไป ถ้า,ครับโอเคเข้าใจตรงกันนะมึงลับไม่ได้มึงออกแชทไปมึงออกไปถ้า
40,เว้ยกูหงุดหงิดจริงนะเว้ย,เว้ย กู งุด งิ น จริง ละ เว้ย ดู กู ด้วย นะ โง้ย ไอ ี้ เหี้ย มััง มึง คิด,เว้ย กู หงุดหงิด จริง นะ เว้ย,เว้ยกูงุดงินจริงละเว้ยดูกูด้วยนะโง้ยไอี้เหี้ยมัังมึงคิด
41,เด้าใตดูเต่งตึงตอนตบเต้าเห็นแล้วอยากตบเต้าไต่อยากให้เต้าใต่มาตบ,เด้า ใต่ สุ เต่งตึง จอน ตบ เต้า เห็น แล้ อยาก ตบ เต้า แต่ จาก ให้ เต้า ใส่ มา ก่อ,เด้า ใต ดู เต่งตึง ตอน ตบ เต้า เห็น แล้ว อยาก ตบ เต้า ไต่ อยาก ให้ เต้า ใต่ มา ตบ,เด้าใต่สุเต่งตึงจอนตบเต้าเห็นแล้อยากตบเต้าแต่จากให้เต้าใส่มาก่อ
42,ผมทำคลิปตำนานกับมันเนี่ยครับมันไม่ตอบเลยมันบอกว่ามันจะ,ผม ทำ คลิป ตำนาน กว่า บ มาน เนี่ย ครับ มัน ไม่ ตอบ เลย มัน บอ กว่า มัน เจอ,ผม ทำ คลิป ตำนาน กับ มัน เนี่ย ครับ มัน ไม่ ตอบ เลย มัน บอ กว่า มัน จะ,ผมทำคลิปตำนานกว่าบมานเนี่ยครับมันไม่ตอบเลยมันบอกว่ามันเจอ
43,ไม่ใช่แค่ตัวละครที่มึงจินตนาการขึ้นมา,ไม่ ใช่ แค่ ตัวละคร ที่ มึง จินตนาการ ขึ้น มา,ไม่ ใช่ แค่ ตัวละคร ที่ มึง จินตนาการ ขึ้น มา,ไม่ใช่แค่ตัวละครที่มึงจินตนาการขึ้นมา
44,ภาพหน้าตูดหน้าบูดเป็นตูดแทยอยากจะสับสักสักศอกใส่อีห่านี้แล้วให้กูออกหลังร้านด้วยไม่ให้,ภาพ หน้า ตูน น้า บูท เป็น ตูน แท่ จะ ก่ จะ ศับ สัก สับ สอง ซีก ห่า รเนี่ และ ให้ ว กู ออก หลัง ร้าน โย ไม่ ห,ภาพ หน้า ตูด หน้าบูด เป็น ตูด แทย อยาก จะ สับ สัก สัก ศอก ใส่ อี ห่า นี้ แล้ว ให้ กู ออก หลัง ร้าน ด้วย ไม่ ให้,ภาพหน้าตูนน้าบูทเป็นตูนแท่จะก่จะศับสักสับสองซีกห่ารเนี่และให้วกูออกหลังร้านโยไม่ห
45,แบบเออกูอยากจะแบบถอกควยออกมาแล้วแบบชักให้พวกมึงดูเลยไอ้เหี้ยกูหงุดหงิดวะ,แบบ เออ กู อยาก จะ น แว็บ ถอก ควย ออกมา แล้ว แบบ ฉัก ให้ พวก มึง ดู เลย ไอ้ เหี้ย กู วุด ห งิ ด วะ,แบบ เออ กู อยาก จะ แบบ ถอก ควย ออกมา แล้ว แบบ ชัก ให้ พวก มึง ดู เลย ไอ้ เหี้ย กู หงุดหงิด วะ,แบบเออกูอยากจะนแว็บถอกควยออกมาแล้วแบบฉักให้พวกมึงดูเลยไอ้เหี้ยกูวุดหงิดวะ
46,ค้อนทุบโทรศัพท์นี้ทิ้,อ ทุกข์ โทรศัพท์ นี้ ชิ่ เลย อ่ะ คือ ผม ซื้อ มา สาม แสน อะ เคื่องง จัง ออ บอก ราคา ใด เต็ม ก็ได้,ค้อน ทุบ โทรศัพท์ นี้ ทิ้,อทุกข์โทรศัพท์นี้ชิ่เลยอ่ะคือผมซื้อมาสามแสนอะเคื่องงจังออบอกราคาใดเต็มก็ได้
47,ไอ้เหี้ย,ไอ้ เหี้ย,ไอ้ เหี้ย,ไอ้เหี้ย
48,ไอ้ควายไอ้เด็กั่วไอ้ต๋อย,แม้ ไอ้ ควาย ไอ เด็ก ของ ชุ่ หัว เอ้ ง ร้อย,ไอ้ ควาย ไอ้ เด็ก ั่ว ไอ้ ต๋อย,แม้ไอ้ควายไอเด็กของชุ่หัวเอ้งร้อย
49,มันเป็นการก๊อปที่ไม่จำเป็นโดนแดกได้ง่ายและยังเสี่ยงถูกประจานอีกด้วย,มัน เป็นการ ก๊อ ป ที่ ไม่ จำเป็น โดน แดก เด่า ย ง่าย และ ย ยัง เสี่ยง ถูก ประ จานย์ อีกด้วย,มัน เป็นการ ก๊อ ป ที่ ไม่ จำเป็น โดน แดก ได้ ง่าย และ ยัง เสี่ยง ถูก ประจาน อีกด้วย,มันเป็นการก๊อปที่ไม่จำเป็นโดนแดกเด่ายง่ายและยยังเสี่ยงถูกประจานย์อีกด้วย
50,รู้สึกผูกพันใช่ไหมละครับคือเราแทบไม่ได้มีปฏิสัมพันธ์,รู้สึก ผูกพัน ใช่ไหม หละ ครับ คือ รอ แทบ ไม่ ได้ มี ปติ สำคัญ,รู้สึก ผูกพัน ใช่ไหม ละ ครับ คือ เรา แทบ ไม่ ได้ มี ปฏิสัมพันธ์,รู้สึกผูกพันใช่ไหมหละครับคือรอแทบไม่ได้มีปติสำคัญ
51,มันก็เอาคลิปของคนอื่นมาประกอบทั้งทั้งที่มึงก็เล่นเกมนั้น,มัน ก็ เอา คลิป ของ คนอื่น มา ประกอบ ทั้ง ทั้งที่ มึง ก็ เล่น เก ต นั้น อยู่,มัน ก็ เอา คลิป ของ คนอื่น มา ประกอบ ทั้ง ทั้งที่ มึง ก็ เล่น เกม นั้น,มันก็เอาคลิปของคนอื่นมาประกอบทั้งทั้งที่มึงก็เล่นเกตนั้นอยู่
52,เหี้ยเป็นโรคแบบโรคคนดังกูไม่กินของหวานกูคือไม่กินของหวานคือไม่กินขนมเลยบนโลก,ไป้ เหี้ย เป็น โล ค แบบ โล คค น ดัง กู จะ กก ไม่ กิน ของหวาน กู ก็ คือ ไม่ ท่ง เ้ ของหวาน กู ู กู ไม่ กิน ขนม เลย บัน โล,เหี้ย เป็นโรค แบบ โรค คนดัง กู ไม่ กิน ของหวาน กู คือ ไม่ กิน ของหวาน คือ ไม่ กิน ขนม เลย บน โลก,ไป้เหี้ยเป็นโลคแบบโลคคนดังกูจะกกไม่กินของหวานกูก็คือไม่ท่งเ้ของหวานกููกูไม่กินขนมเลยบันโล
53,ไม่มีใครเขาเคยบอกหรอว่ามึงฆ่าตำนานไม่ได้,มึง มี ใคร ก็ เคย บอก ก็ เลย วะ มึง ฆ่า ต่ำ นาน ไม่ ได้,ไม่ มี ใคร เขา เคย บอก หรอ ว่า มึง ฆ่า ตำนาน ไม่ ได้,มึงมีใครก็เคยบอกก็เลยวะมึงฆ่าต่ำนานไม่ได้
54,สอนตัวเองเถอะไอ้เวรมึงอ่ะดูตัวมึงก่อน,สอด ตัวเอง เถอก ไอ้เวร มึง จะ ดู ก ตัว มา ก่อน,สอน ตัวเอง เถอะ ไอ้เวร มึง อ่ะ ดูตัว มึง ก่อน,สอดตัวเองเถอกไอ้เวรมึงจะดูกตัวมาก่อน
55,กูโปะไข่ให้ด้วยไอ้เหี้ยร้อนร้อนนาบหน้าแม่งอ่ะไอ้สัด,กู ปก ใคร วใ้ ด้วย เหี้ย เล้า ร้อน นาบ หน้า แม่ ง ไง ไอ้ สัด,กู โปะ ไข่ ให้ ด้วย ไอ้ เหี้ย ร้อน ร้อน นาบ หน้า แม่ ง อ่ะ ไอ้ สัด,กูปกใครวใ้ด้วยเหี้ยเล้าร้อนนาบหน้าแม่งไงไอ้สัด
56,ไอ้เหี้ย,ไอ้ เหี้ย,ไอ้ เหี้ย,ไอ้เหี้ย
57,เป็นหัวเป็นไก่แจ้แล้วไม่ใช่ค่าจะไม่ใช่ตรงไหน,โอ โอ เป็น หัว ไป ไก่แจ้ ไร กี ไม่ ใช่ คา ไม่ เคย ตรงไหน,เป็น หัว เป็น ไก่แจ้ แล้ว ไม่ ใช่ ค่า จะ ไม่ ใช่ ตรงไหน,โอโอเป็นหัวไปไก่แจ้ไรกีไม่ใช่คาไม่เคยตรงไหน
58,แต่วันใดวันหนึ่งที่ผลประโยชน์เริ่มต่างออกไปเริ่มมีอะไรที่ขัดใจกันเอง,แต่ วันใดวันหนึ่ง ที่ ผลประโยชน์ เริ่ม ต่าง อ่อ ไป เริ่ม มี อะไร ที่ ขัดใจ กันเอง,แต่ วันใดวันหนึ่ง ที่ ผลประโยชน์ เริ่ม ต่าง ออก ไป เริ่ม มี อะไร ที่ ขัดใจ กันเอง,แต่วันใดวันหนึ่งที่ผลประโยชน์เริ่มต่างอ่อไปเริ่มมีอะไรที่ขัดใจกันเอง
59,ทำไมมึงถึงต้องเอาคลิปคนอื่นมาประกอบอ่ะ,แต่ ทำไม มึง ถึง ก็ เอา คลิป คนอื่น มา ประกอบ มะ,ทำไม มึง ถึง ต้อง เอา คลิป คนอื่น มา ประกอบ อ่ะ,แต่ทำไมมึงถึงก็เอาคลิปคนอื่นมาประกอบมะ
60,เอาไงจ้ะเห้ยเซฟิสเซฟิสดึงมาดิเซฟิสสวยเซฟิสเซฟิส,เอ่า ไง จะ เอ้ ใส ซิ เซ ฟิ ดึง มา ดิ เส เส็ด ซี้ ช เอ ฟิน สวย เต่ บิด เอ่ะบ อา,เอา ไง จ้ะ เห้ย เซ ฟิส เซ ฟิส ดึง มา ดิ เซ ฟิส สวย เซ ฟิส เซ ฟิส,เอ่าไงจะเอ้ใสซิเซฟิดึงมาดิเสเส็ดซี้ชเอฟินสวยเต่บิดเอ่ะบอา
61,กูปัญญาอ่อนไง,กู ปัญญาอ่อน,กู ปัญญาอ่อน ไง,กูปัญญาอ่อน
62,โมงครึ่งมีแต่เกมเหี้ยอะไรอย่างงี้ให้กูเล่นกูก็แม่งก็เล่นเป็นควายเลยสัด,อง ครึ่ง มี แต่ า เกม เหี้ย อะไร ไอ ีกดี้ กู เล่น โห้ว กู ก็ แม่ ง ก็ เล่น เป็น ควาย เลย ไอ้ สัด,โมง ครึ่ง มี แต่ เกม เหี้ย อะไร อย่างงี้ ให้ กู เล่น กู ก็ แม่ ง ก็ เล่น เป็น ควาย เลย สัด,องครึ่งมีแต่าเกมเหี้ยอะไรไอีกดี้กูเล่นโห้วกูก็แม่งก็เล่นเป็นควายเลยไอ้สัด
63,แม่งด่ากันแรงเกินบางทีอ่ะ,แม่ ง ดาก กะ น แรง เกิน บัง ที อ่,แม่ ง ด่า กัน แรง เกิน บางที อ่ะ,แม่งดากกะนแรงเกินบังทีอ่
64,ไม่ครับนี่ไม่ใช่เรฟเฟอเร้นครับมึงไม่ได้เพิ่มเติมเนื้อหาด้วยมึงก็อปครับ,ไม่ ครับ นี่ ไม่ ใช่ ไร เฟรน ครับ มึง ไม่ ได้ เพิ่มเติม เนื้อหา ด้วย มึง ก๊อ ป ขับ,ไม่ ครับ นี่ ไม่ ใช่ เร ฟเฟอ เร้น ครับ มึง ไม่ ได้ เพิ่มเติม เนื้อหา ด้วย มึง ก็อป ครับ,ไม่ครับนี่ไม่ใช่ไรเฟรนครับมึงไม่ได้เพิ่มเติมเนื้อหาด้วยมึงก๊อปขับ
65,และนี่ก็คือปกคลิปที่เราตามสืบกันมาครับคุณจะสังเกตว่ามันไม่ได้เหมือนกันร้อยเปอร์เซ็น,และ นี่ ก็ คือ ปก คลิป ที่ เรา ตาม สืบ แต่ มา ครับ คุณ จะ สังเกตว่า มัน ไม่ ได้ เหมือนกัน ร้อย เปอร์เซ็นต์,และ นี่ ก็ คือ ปก คลิป ที่ เรา ตาม สืบกันมา ครับ คุณ จะ สังเกตว่า มัน ไม่ ได้ เหมือนกัน ร้อย เปอร์ เซ็น,และนี่ก็คือปกคลิปที่เราตามสืบแต่มาครับคุณจะสังเกตว่ามันไม่ได้เหมือนกันร้อยเปอร์เซ็นต์
66,เพราะว่าคนไทยเนี่ยครับชอบดูอะไรควายควาย,เพราะว่า คนไทย เนี่ย ครับ ชอบ ดู แล้ ค้า ควาย งี้,เพราะว่า คนไทย เนี่ย ครับ ชอบ ดู อะไร ควาย ควาย,เพราะว่าคนไทยเนี่ยครับชอบดูแล้ค้าควายงี้
67,นี้กูไม่กินขนมนอกจากเซี่ยงไฮ้และเบงเบงรสช็อกโกแลตกูกินได้แค่นั้นเคยไปกินอาฟเตอยูอ่ะสั่งอะไร,วค นี้ กู ไม่ กิน ขน นม นอกจาก เซียงไฮ้ ระเบง เบงรถ ชอก โก แ็ต อะ ก กิน ได้ แค่นั้น เคย ไป กิน อัพเตอ์ ยู อ่ะ สั่อะไลั,นี้ กู ไม่ กิน ขนม นอกจาก เซี่ยงไฮ้ และ เบงเบงรส ช็อกโกแลต กู กิน ได้ แค่นั้น เคย ไป กิน อา ฟ เต อ ยู อ่ะ สั่ง อะไร,วคนี้กูไม่กินขนนมนอกจากเซียงไฮ้ระเบงเบงรถชอกโกแ็ตอะกกินได้แค่นั้นเคยไปกินอัพเตอ์ยูอ่ะสั่อะไลั
68,ดึงดึงดึงดึงดึงดึงดึงไปถึงที่นั่นตั้งแต่บ่ายสี่โมงอ่ะภารกิจคือออปเจคทีฟคือทำยังไงก็ได้ให้,ดึง ดึง ดึง ดึง ดึง ดึง ดึง ไป ถง ที่ นาง ตด บาย สี่ โมง อ่ะ ธาร กิจ คือ ออ พตี้ ทิป คือ ทำ ยัง ก็ได้,ดึง ดึง ดึง ดึง ดึง ดึง ดึง ไป ถึง ที่นั่น ตั้งแต่ บ่าย สี่ โมง อ่ะ ภารกิจ คือ ออ ป เจ ค ที ฟ คือ ทำ ยังไง ก็ได้ ให้,ดึงดึงดึงดึงดึงดึงดึงไปถงที่นางตดบายสี่โมงอ่ะธารกิจคือออพตี้ทิปคือทำยังก็ได้
69,และหลังจากที่เราจัดการปัญหาของไอ้หน้าจืดที่แม่งเสือกไม่ปิด,และ หลังจากที่ เรา จัดการ ปัญหา โห อย น้า จื่อ ที่ แม่ ง เสือก ไม่ บี,และ หลังจากที่ เรา จัดการ ปัญหา ของ ไอ้ หน้าจืด ที่ แม่ ง เสือก ไม่ ปิด,และหลังจากที่เราจัดการปัญหาโหอยน้าจื่อที่แม่งเสือกไม่บี
70,กูสั่งให้ไปตายเว้ยไป,เย ี กู สั่ง ให้ ไม่ ตาย เว้ วย ไม่ โอ้ว ห,กู สั่ง ให้ ไป ตาย เว้ย ไป,เยีกูสั่งให้ไม่ตายเว้วยไม่โอ้วห
71,เนี้ยโอเคผมได้อัลติละเดี๋ยวรอผมได้ดาบฟาร์มหรือว่าของป่าชิ้นใหม่ก่อนนะ,ถ นี้ ย โอเค ผม แนด ดีแล้ว เดี๋ยว ลอก ผม ได้ ดาบ ฟาร์ม หรู อ่า ของ ปาก ชิบ ใหม่ ก่ว นะ,เนี้ย โอเค ผม ได้ อัล ติละ เดี๋ยว รอ ผม ได้ ดาบ ฟาร์ม หรือว่า ของป่า ชิ้น ใหม่ ก่อน นะ,ถนี้ยโอเคผมแนดดีแล้วเดี๋ยวลอกผมได้ดาบฟาร์มหรูอ่าของปากชิบใหม่ก่วนะ
72,นี่นี่เดี๋ยวกูจะ,นี่ เนี่ย เดี๋ยว กู ด้า,นี่ นี่ เดี๋ยว กู จะ,นี่เนี่ยเดี๋ยวกูด้า
73,แต่แม่งคริ้นชิบหาย,แต่ แม่ งค ริ้น ชิบหาย,แต่ แม่ งค ริ้น ชิบหาย,แต่แม่งคริ้นชิบหาย
74,ภาพในหัวคุณให้เปลี่ยนเป็นภาพไอ้เหี้ยนี่เลยก่อนที่เราจะมา,ภาพ ใน หัว ของ คุณ ให้ เป็น ภาพ ไอ้ เหี้ย นี้ เลย ก่อนที่ เรา จะ มา,ภาพ ใน หัว คุณ ให้ เปลี่ยนเป็น ภาพ ไอ้ เหี้ย นี่ เลย ก่อนที่ เรา จะ มา,ภาพในหัวของคุณให้เป็นภาพไอ้เหี้ยนี้เลยก่อนที่เราจะมา
75,นึงมีเพลงนึงโอดังสัดมึงเข้าใจร้านไหมร้านตึกคูหาเล็กเล็กอ่ะหนึ่งร้านมีเพลงหนึ่งหนึ่งร้านมี,มึง มี เพล หึง โอ สัน สัด มึง เข้าใจ ร้า นา ร้า ตึก คู หย อี กล วย อะ นึ่ง ร้าน มี เพลง ห นึง นึ่ง ร้าน มี,นึง มี เพลง นึง โอ ดัง สัด มึง เข้าใจ ร้าน ไหม ร้าน ตึก คูหา เล็ก เล็ก อ่ะ หนึ่ง ร้าน มี เพลง หนึ่ง หนึ่ง ร้าน มี,มึงมีเพลหึงโอสันสัดมึงเข้าใจร้านาร้าตึกคูหยอีกลวยอะนึ่งร้านมีเพลงหนึงนึ่งร้านมี
76,เย็ดแม่มึงคนหีไง,ไอ้ เย็ด แม่ มึง ฆัน หีน,เย็ด แม่ มึง คน หี ไง,ไอ้เย็ดแม่มึงฆันหีน
77,สามคนนะเอาผมไม่ลงอ่ะผมซัดหน้าทีเดียวหงายนะสามคนเมื่อวานนะเออกระจอก,สาม คน นะ เอา ผม ไม่ ลง อะ ผม ซัด ตาด เบีย วหา ยณะ สาม คน เมื่อ ว่าน อะ ออ ก็ จอก,สาม คน นะ เอา ผม ไม่ ลง อ่ะ ผม ซัด หน้า ทีเดียว หงาย นะ สาม คน เมื่อวาน นะ เออ กระจอก,สามคนนะเอาผมไม่ลงอะผมซัดตาดเบียวหายณะสามคนเมื่อว่านอะออก็จอก
78,ขาดูหีไหมอ้าวดูดิอยากให้ดูก็ดู,ขา ดู หี ไหม อ่าว ดูดิ อยาก ให้ ดู ก็ ดู ู,ขา ดู หี ไหม อ้าว ดูดิ อยาก ให้ ดู ก็ ดู,ขาดูหีไหมอ่าวดูดิอยากให้ดูก็ดูู
79,การแข่งขันอั้นนี้ไงเข้าเรียกอะไรวะอ๋อการแข่งขันที่พึ่งผ่านมาผมได้ถ้วยรางวัลไง,น ขัน อันนี้ ไง ค เรี้ย ไร วะ ห่อ กา ขัน ที่ พูน ผา น นะ ผม ได้ ด้วย ราง วัน ไง,การแข่งขัน อั้น นี้ ไง เข้า เรียก อะไร วะ อ๋อ การแข่งขัน ที่พึ่ง ผ่าน มา ผม ได้ ถ้วยรางวัล ไง,นขันอันนี้ไงคเรี้ยไรวะห่อกาขันที่พูนผานนะผมได้ด้วยรางวันไง
80,เหี้ยแบบโดนกระชากเสื้อไปเดินไปยังสุดซอยถูกใจยังอ่ะเนี่ยยังไม่ถูกใจระหว่างพูด,หไ้ แบบ โดน กระชาก เสื้อ ไป เดิน ได ีย สุด ซอย ถูกใจ อ ยาง ม่ เห ็้นเหี่ยง ไม่ ถูกใจ ระหว่าง พูด,เหี้ย แบบ โดน กระชาก เสื้อ ไป เดิน ไป ยัง สุด ซอย ถูกใจ ยัง อ่ะ เนี่ย ยัง ไม่ ถูกใจ ระหว่าง พูด,หไ้แบบโดนกระชากเสื้อไปเดินไดียสุดซอยถูกใจอยางม่เห็้นเหี่ยงไม่ถูกใจระหว่างพูด
81,มึงไม่รู้พลังที่แท้จริงของเขาเว้ย,มึง ไม่ รู้ พลัง ที่ แท้จริง ของ เขา เว้ย,มึง ไม่ รู้ พลัง ที่ แท้จริง ของ เขา เว้ย,มึงไม่รู้พลังที่แท้จริงของเขาเว้ย
82,คือไอ้คนที่อยากจะให้เครดิตเนี้ยครับถ้าเกิดว่ามันอยากจะให้เครดิตจริงจริงนะครับ,คือ คน ที่ อยาก จะ ให้ เครดิต เนี่ย ครับ ถ้า เกิด ว่า มัน อยาก จะ ให้ เครดิต จริง จริง เนี่ย ครับ,คือ ไอ้ คน ที่ อยาก จะ ให้ เครดิต เนี้ย ครับ ถ้า เกิด ว่า มัน อยาก จะ ให้ เครดิต จริง จริง นะ ครับ,คือคนที่อยากจะให้เครดิตเนี่ยครับถ้าเกิดว่ามันอยากจะให้เครดิตจริงจริงเนี่ยครับ
83,ต้องไปทำด่วนด่วนมันเป็นธุระของคนรวยเข้าใจผมด้วยโอโหไอ้นี่เข้าผมแล้วครับท่านผู้ชม,ไป ทำ ส่วน ดวน เป็นธุระ ของ รวย อะ เข้าใจ ผม เลว ย กู ไอ้ นี่ เข้า เล้ว ทั้ง ท่า เห้ย นี่ มะ ครับผม วะ,ต้อง ไป ทำ ด่วน ด่วน มัน เป็นธุระ ของ คนรวย เข้าใจ ผม ด้วย โอ โห ไอ้ นี่ เข้า ผม แล้ว ครับ ท่าน ผู้ชม,ไปทำส่วนดวนเป็นธุระของรวยอะเข้าใจผมเลวยกูไอ้นี่เข้าเล้วทั้งท่าเห้ยนี่มะครับผมวะ
84,หนีเพื่อนกูตายกูจะไม่ยอมถอยมึงเจอ,หนี อื้ย เพื่อน กู ตาย เววย ไม่ ยอม ถอย มึง จอ,หนี เพื่อน กู ตาย กู จะ ไม่ ยอม ถอย มึง เจอ,หนีอื้ยเพื่อนกูตายเววยไม่ยอมถอยมึงจอ
85,ทำให้ผมครับสามารถที่จะตัดสินทุกทุกคนและทุกทุกอย่างได้อย่างเท่า,เทราะ ให้ ผม ครับ สามารถ ที่จะ ตัดสิน ทุ ทุก คล และ ทุก ทุกอย่าง ได้ อย่าง เท่าที่,ทำให้ ผม ครับ สามารถ ที่จะ ตัดสิน ทุก ทุกคน และ ทุก ทุกอย่าง ได้ อย่าง เท่า,เทราะให้ผมครับสามารถที่จะตัดสินทุทุกคลและทุกทุกอย่างได้อย่างเท่าที่
86,พี่ค้าดูหีไหมฮะสุลต่านได้ยินวอทดูยูเซดูหีไหม,พี่ ค้า ดู หี ไหม หะ สุว ต่าน ได้ยิน บ ดู ซิ้ง ดู หี ไหม,พี่ ค้า ดู หี ไหม ฮะ สุลต่าน ได้ยิน วอ ท ดู ยู เซ ดู หี ไหม,พี่ค้าดูหีไหมหะสุวต่านได้ยินบดูซิ้งดูหีไหม
87,ให้พี่ก็ได้ได้โบะบ้ะกับใครสักคนสี่ทุ่มปุ้บเมืองพัททะแย้เนี่ยเป็นเด็กชายหาดแล้วมีถนนคอน,ด้ พี่ กู ได้ ได้ โบ๊ะ บา กับ ใคร สัก คน สี่ ทุ่ม ปุม เมือง พัท แย้ เนี่ย เป็ด ็ก ชายหาด แล้ว มี ถนน คอน,ให้ พี่ ก็ได้ ได้ โบะบ้ะ กับ ใคร สัก คน สี่ ทุ่ม ปุ้บ เมือง พัท ทะ แย้ เนี่ย เป็น เด็ก ชายหาด แล้ว มี ถนน คอน,ด้พี่กูได้ได้โบ๊ะบากับใครสักคนสี่ทุ่มปุมเมืองพัทแย้เนี่ยเป็ด็กชายหาดแล้วมีถนนคอน
88,ไอ้เด็กเปรตแม่งเอ้ยไอ้ต๋อย,ไอ้ เด็ก เปร ด แม่ ง เอ้ย ไอ้ ตอด,ไอ้ เด็ก เปรต แม่ ง เอ้ย ไอ้ ต๋อย,ไอ้เด็กเปรดแม่งเอ้ยไอ้ตอด
89,โหยกูมาแตกหนึ่งเก้าไอดีหลัก,เอ้ย โห้ กู มา ติด เม่ง เก้า ว ไว้ นี่ ล่ะ,โหย กู มา แตก หนึ่ง เก้า ไอ ดี หลัก,เอ้ยโห้กูมาติดเม่งเก้าวไว้นี่ล่ะ
90,ไอ้เหี้ย,ไอ้ เหี้ย,ไอ้ เหี้ย,ไอ้เหี้ย
91,ในอันนี้ครับด้านซ้ายเขาเอาคลิปของอื่นมาแปะเช่นเดียว,ใน ะ ยา นี้ ครับ ด้าน ซ้าย เขา า เอา คลิป ของ คนอื่น มา แปะ ใช เนี่ย ว,ใน อันนี้ ครับ ด้าน ซ้าย เขา เอา คลิป ของ อื่น มา แปะ เช่น เดียว,ในะยานี้ครับด้านซ้ายเขาาเอาคลิปของคนอื่นมาแปะใชเนี่ยว
92,ตายได้ดิ,ตาย ได้ ดิ,ตาย ได้ ดิ,ตายได้ดิ
93,คือมันก๊อปเว้ยเชี่ยแต่มันมันยอมรับออกมาว่าก๊อปอ่ะ,เถ้อ มัน ก๊อ ป เว้ย เชี่ย แต่ มัน มึง จัง มัน ยอมรับ ออกมา ว่า ก๊อ ป,คือ มัน ก๊อ ป เว้ย เชี่ย แต่ มัน มัน ยอมรับ ออกมา ว่า ก๊อ ป อ่ะ,เถ้อมันก๊อปเว้ยเชี่ยแต่มันมึงจังมันยอมรับออกมาว่าก๊อป
94,มึงต้องไปในโซนโซนนั้นมึงไม่ใช่เข้าไปในซอยคือมึงจะไปทำอะไรคือมึงจะไปทำ,มึง ต้อง ไป ใน โซน โซ นั้น มึง ไม่ ใช่ เข้าไป ใน ซอย คอืึงมึงั่ ไป ท อะไร คือ ือ มี ไท ำ,มึง ต้อง ไป ใน โซน โซน นั้น มึง ไม่ ใช่ เข้าไป ใน ซอย คือ มึง จะ ไป ทำ อะไร คือ มึง จะ ไป ทำ,มึงต้องไปในโซนโซนั้นมึงไม่ใช่เข้าไปในซอยคอืึงมึงั่ไปทอะไรคือือมีไทำ
95,อย่าอย่าอย่าโห่วีร่าบลิ้งมาเลยบลิ้งมาเลยไอ้พวกโง่หิวจัด,อย่า ย่า ย่า โท วี ร่า ดิ้งีง มา เลย นี้ มา เลย ไอ้ พวก โง่ หิว จ่า น,อย่า อย่า อย่า โห่ วี ร่า บลิ้ง มา เลย บลิ้ง มา เลย ไอ้ พวก โง่ หิวจัด,อย่าย่าย่าโทวีร่าดิ้งีงมาเลยนี้มาเลยไอ้พวกโง่หิวจ่าน
96,นี่แม่งคือคลิปขอเท่,นี่ มัน คือ คลิป ขอ เท่,นี่ แม่ ง คือ คลิป ขอ เท่,นี่มันคือคลิปขอเท่
97,ไอ้พวกหัวองคชาตินี่แม่งไม่รู้สึกตัวเหี้ย,ไอ้ พวก หัว อง ก ชา ดิ นี่ แม่ ง ไม่ รู้สึกตัว เหี้ย,ไอ้ พวก หัว องค ชาติ นี่ แม่ ง ไม่ รู้สึกตัว เหี้ย,ไอ้พวกหัวองกชาดินี่แม่งไม่รู้สึกตัวเหี้ย
98,สามเครื่องอ่ะเวลาเล่นอาโอวีอ่ะเออแต่ละเครื่องนี่เครื่องละหนึ่งแสนกูบอกไว้เลยอะ,สาม เครื่อง อา เวลาเล่น นาวี อเอื่อ แต่ละ เครื่อง นี่ ี เค รื่อน หนึ่ง แสน น่ะ ผม บอก ก็ เลย ฮะ,สาม เครื่อง อ่ะ เวลาเล่น อา โอ วี อ่ะ เออ แต่ละ เครื่อง นี่ เครื่อง ละ หนึ่ง แสน กู บอก ไว้ เลย อะ,สามเครื่องอาเวลาเล่นนาวีอเอื่อแต่ละเครื่องนี่ีเครื่อนหนึ่งแสนน่ะผมบอกก็เลยฮะ
99,แม่งดูแบบไร้สาระวะ,แม่ ง ดู แบบ ไร้ ส ร้า ว่ะ,แม่ ง ดู แบบ ไร้สาระ วะ,แม่งดูแบบไร้สร้าว่ะ
100,คือแม่งเกาะแดกคลิปของสปีดจนฟันแห้งอ่ะ,คือ แม่ ง เกาะ แดก คลิป ของ ส ปี จน ฟัน แห้ง อ่ะ ถ้า,คือ แม่ ง เกาะ แดก คลิป ของ สปีด จน ฟัน แห้ง อ่ะ,คือแม่งเกาะแดกคลิปของสปีจนฟันแห้งอ่ะถ้า
101,ห่้ะหะเดี๋ยวอะไรนะพี่เอาจริงป่ะเอาจริงซันนี่เอาจริง,ฮ้ะห้ะ เดี๋ยว อะไร นะ พี่ อ จริง ว้ะ เอา จิ งก อน นี้ เอาจริง,ห่้ะ หะ เดี๋ยว อะไร นะ พี่ เอาจริง ป่ะ เอาจริง ซันนี่ เอาจริง,ฮ้ะห้ะเดี๋ยวอะไรนะพี่อจริงว้ะเอาจิงกอนนี้เอาจริง
102,ถ้าเกิดว่าคุณตั้งใจจะทำอะไรสักอย่างหนึ่งแล้วไม่ย่อท้อเกี่ยวกับมัน,ถ้า เกิด ว่า คุณ ตั้งใจ จะ ทำ อะไร สัก อย่างหนึ่ง และ ไม่ ยอด ช้อป เกียจ ของ มัน,ถ้า เกิด ว่า คุณ ตั้งใจ จะ ทำ อะไร สัก อย่างหนึ่ง แล้ว ไม่ ย่อท้อ เกี่ยวกับ มัน,ถ้าเกิดว่าคุณตั้งใจจะทำอะไรสักอย่างหนึ่งและไม่ยอดช้อปเกียจของมัน
103,เป็นชุดกี่เพากี่เผ่ากี่เผ่ากี่ช่างแม่งอ่ะโอเคชุดจีนน่ะ,น เป็น ชุด กี่ ผ้า ว กี่ เพา กี เผ่า กีบ ทั่าง แม่ ง อ่ะ เค ชุด จีน น่ะ,เป็น ชุด กี่ เพา กี่ เผ่า กี่ เผ่า กี่ ช่าง แม่ ง อ่ะ โอเค ชุด จีน น่ะ,นเป็นชุดกี่ผ้าวกี่เพากีเผ่ากีบทั่างแม่งอ่ะเคชุดจีนน่ะ
104,น่าสงสัยใช่ไหมครับแต่ผมไม่ใช่คนอคติครับผมก็เลยเข้าไปดูทั้งสอง,น่าสงสัย ใช่ไหม ครับ แต่ ผม ไม่ ใช่ คน อก ติ ครับผม ก็ เลย ข้อ บน ดู ทั้งสอง ชิ,น่าสงสัย ใช่ไหม ครับ แต่ ผม ไม่ ใช่ คน อคติ ครับผม ก็ เลย เข้า ไปดู ทั้งสอง,น่าสงสัยใช่ไหมครับแต่ผมไม่ใช่คนอกติครับผมก็เลยข้อบนดูทั้งสองชิ
105,อ้าวว่าไงพ่อโทรบอกว่าซอยคาวบอยไม่เห็นได้อะไรเลยโอ้ยซอยคาวบอยเนี่ยมันเป็น,เออ ว่า ไง พ่อ โทร บอ กว่า ซอย คอ วบ ล้อ ย เห ม้ ได้ ไร เลย โอ้ย ขอก บอย เนี่ย มัน เป็น,อ้าว ว่า ไง พ่อ โทร บอ กว่า ซอย คาวบอย ไม่ เห็น ได้ อะไร เลย โอ้ย ซอย คาวบอย เนี่ย มัน เป็น,เออว่าไงพ่อโทรบอกว่าซอยคอวบล้อยเหม้ได้ไรเลยโอ้ยขอกบอยเนี่ยมันเป็น
106,มีอีวีร่ากวนส้นตีนนะมึงอย่ากวนตีนนะแม่งตั้นกู,นี อี วี ร่า กัน สตี น นะ ไเอี๋ยวกน ตีน นะ แม่ งตั้น กู,มี อี วี ร่า กวน ส้นตีน นะ มึง อย่า กวน ตีน นะ แม่ งตั้น กู,นีอีวีร่ากันสตีนนะไเอี๋ยวกนตีนนะแม่งตั้นกู
107,เด็กเปรตแม่งเสียเวลากับมึงไปครึ่งชั่วโมงเลย,เด็ก เปร ด แม่ ง เสีย ก เวลา กับ มึง ใน ครึ่ง ชั่วโมง เลย,เด็ก เปรต แม่ ง เสียเวลา กับ มึง ไป ครึ่ง ชั่วโมง เลย,เด็กเปรดแม่งเสียกเวลากับมึงในครึ่งชั่วโมงเลย
108,ฮ้าไอ้ควายมึงให้ขี้,เอือ ไอ้ ควาย ไม่ ขี้ ด,ฮ้า ไอ้ ควาย มึง ให้ ขี้,เอือไอ้ควายไม่ขี้ด
109,ควยเอ้ยอย่างงี้กูจะได้คิวได้ไงอ่ะถูกป้ะ,ควย เอ้ย อย่างนี้ กู จะ ได้ คิลเลีน ไง อ่ะ ถูก ปะ,ควย เอ้ย อย่างงี้ กู จะ ได้ คิว ได้ ไง อ่ะ ถูก ป้ะ,ควยเอ้ยอย่างนี้กูจะได้คิลเลีนไงอ่ะถูกปะ
110,ก็โง่สอมงฝ่อ,ก็ โง่ สมอง พ่อ,ก็ โง่ สอ มง ฝ่อ,ก็โง่สมองพ่อ
111,ไอ้เหี้ยเนิร์ดทำเดี๋ยวกูจะด่ามึงให้ตายไอ้เหี้ยเนิร์ดทำเดี๋ยวกูจะด่ามึงให้ตาย,ยะ ไอ้ เหี้ย เนิร์ส ถาบ เดี๋ยว กู จะ ด่า มึง ไม่ ตาย ไอ้ เหี้ย เนิร์ส ทำ เดี๋ยว กู จะ ด่า มึง ไม่ ตาย,ไอ้ เหี้ย เนิร์ด ทำ เดี๋ยว กู จะ ด่า มึง ให้ ตาย ไอ้ เหี้ย เนิร์ด ทำ เดี๋ยว กู จะ ด่า มึง ให้ ตาย,ยะไอ้เหี้ยเนิร์สถาบเดี๋ยวกูจะด่ามึงไม่ตายไอ้เหี้ยเนิร์สทำเดี๋ยวกูจะด่ามึงไม่ตาย
112,เพราะตอนนี้กูจนมาก,พอ ตอนนี้ กู จน มาก,เพราะ ตอนนี้ กู จน มาก,พอตอนนี้กูจนมาก
113,โอ้,โอ โอ้ย,โอ้,โอโอ้ย
114,ไม่ได้เก่งเหี้ยอะไรหรอกเจอตัวแข่งอย่างกูเป็นไงอ่ะ,ไม่ ได้ เก่ง เหี้ย ไร ะ หรอก เจอ ตะ แขน อย่าง กู เป็นไง อ่ะ,ไม่ ได้ เก่ง เหี้ย อะไร หรอก เจอ ตัว แข่ง อย่าง กู เป็นไง อ่ะ,ไม่ได้เก่งเหี้ยไระหรอกเจอตะแขนอย่างกูเป็นไงอ่ะ
115,กูจะเอาลูกตะกั่วก่อเข้าไปในปากมึงอ่ะไอ้เหี้ย,กู จะ ลูก ตะ ขวด ก๊อ งง เคา ไป ใน บ้า ใน่ ไอ้ เหี้ย,กู จะ เอา ลูกตะกั่ว ก่อ เข้าไป ใน ปาก มึง อ่ะ ไอ้ เหี้ย,กูจะลูกตะขวดก๊องงเคาไปในบ้าใน่ไอ้เหี้ย
116,กูจะต้องเก่งไม่ใช่หรอว่ะอ่อใช่ครับ,กู จะ ต้อง เก่ง ไม่ ใช่ ลง วะ อ่้อไ ใส่ ครับ,กู จะ ต้อง เก่ง ไม่ ใช่ หรอ ว่ะ อ่อ ใช่ ครับ,กูจะต้องเก่งไม่ใช่ลงวะอ่้อไใส่ครับ
117,หมาบ้านพ่อมึง,หมา บัน พ่อ มึง,หมา บ้าน พ่อ มึง,หมาบันพ่อมึง
118,มีตู้กระจกมีผู้หญิงรัสเซียลาลาล่าน้าน่าสุลต่านกูแบบสูสีมาก,ึ้ มี ตัว กระจก มี ผู้หญิง รัสเซีย ท่า นันะ สวย ต่าน กู แบบ บุ สี่ มาก,มี ตู้กระจก มี ผู้หญิง รัสเซีย ลาลา ล่า น้า น่า สุลต่าน กู แบบ สูสี มาก,ึ้มีตัวกระจกมีผู้หญิงรัสเซียท่านันะสวยต่านกูแบบบุสี่มาก
119,ควยแม่งว่ากูกาก,ควย แม่ ง ว่า กู กาก,ควย แม่ ง ว่า กู กาก,ควยแม่งว่ากูกาก
120,สมมุติว่าอยู่อโศกมันจะเป็นตรอกตรอกนึงเหมือนเป็นตรอกอ่ะตรอกที่แบบเปิดเพลงดุมด่ำดุมด่ำดุมด่ำ,สม มัติ วา มัน อยู่ อโศก่ มัน จะ เป็น ตรอก ตรอก หนึ่ง ไม่ อ อ่ะ ตอ ที่ เปิด เพลง ดุบ ด่ำ ดุ่ม ดำ ดุ้มด,สมมุติ ว่า อยู่ อโศก มัน จะ เป็น ตรอก ตรอก นึง เหมือน เป็น ตรอก อ่ะ ตรอก ที่ แบบ เปิด เพลง ดุม ด่ำ ดุม ด่ำ ดุม ด่ำ,สมมัติวามันอยู่อโศก่มันจะเป็นตรอกตรอกหนึ่งไม่ออ่ะตอที่เปิดเพลงดุบด่ำดุ่มดำดุ้มด
121,วางสายเขาและทักส่งแชทไปบอกว่าร้องไห้ให้จบแล้วโทรมาตีดอทต่อตะวัน,มา ง สาย เครา แล้ว ถา้ง ส่ง แชท ไป บอ กว่า ร้องไห้ ให้ จบ แล้ว โท รอ มาตี ดอด งขะวื่,วางสาย เขา และ ทัก ส่ง แชท ไป บอ กว่า ร้องไห้ ให้ จบ แล้ว โทร มาตี ดอท ต่อ ตะวัน,มางสายเคราแล้วถา้งส่งแชทไปบอกว่าร้องไห้ให้จบแล้วโทรอมาตีดอดงขะวื่
122,ท่าโน่นนี่นั่นพี่แบบสุลต่านกูตาโตแบบห้ะเมื่อกี้พูดว่าอะไรนะเก็บกูมันเจอกู,ท่า นู่ นี่ นั่น พี่ แผ สุลต่าน กู ตาโต บอ้ะมึ่ งี้ พูดว่า ไร นะ เก็บ กู เหมือน เจอ กู,ท่า โน่น นี่ นั่น พี่ แบบ สุลต่าน กู ตาโต แบบ ห้ะ เมื่อกี้ พูดว่า อะไร นะ เก็บ กู มัน เจอ กู,ท่านู่นี่นั่นพี่แผสุลต่านกูตาโตบอ้ะมึ่งี้พูดว่าไรนะเก็บกูเหมือนเจอกู
123,คือมึงทำตอนที่มีผีสิบเอ็ดตัวพอผีเพิ่มมาสี่ตัว,คือ มึง ทำ ตอนที่ มี ผี ซิบ เอ็ด ตัว เพราะ ผี เพิ่ม มา เสี่ย ตัว,คือ มึง ทำ ตอนที่ มี ผี สิบเอ็ด ตัว พอ ผี เพิ่ม มา สี่ ตัว,คือมึงทำตอนที่มีผีซิบเอ็ดตัวเพราะผีเพิ่มมาเสี่ยตัว
124,เอาละครับเรามาดูคลิปตอบกลับของโอตะตัวปลอมกันดีกว่าครับ,เอาละ ครับ เรา มา ดู คลิป ตอ ปก ลับ ของ โอ ตะ ตัว ปลอม ก็ ดีกว่า ครับ,เอาละ ครับ เรา มา ดู คลิป ตอบกลับ ของ โอ ตะ ตัว ปลอม กัน ดีกว่า ครับ,เอาละครับเรามาดูคลิปตอปกลับของโอตะตัวปลอมก็ดีกว่าครับ
125,ว่าเพิ่มอยากที่มึงลงแม็ทหรือว่าอยากจะออกซีนนิสัยที่หยาบคายหรือว่ามันเป็นมาจาก,ว่า เพิ่ม อยาก ที่ มึง ลม แป็ต หรือว่า อยาก จะ เอา จีน นิสัย ที่ ห ยา ปาย หรือว่า มัน เป็นมา ต่า,ว่า เพิ่ม อยาก ที่ มึง ลง แม็ท หรือว่า อยาก จะ ออก ซีน นิสัย ที่ หยาบคาย หรือว่า มัน เป็น มาจาก,ว่าเพิ่มอยากที่มึงลมแป็ตหรือว่าอยากจะเอาจีนนิสัยที่หยาปายหรือว่ามันเป็นมาต่า
126,มันไม่ได้ยากด้วยครับแต่มึงไม่ทำ,ไม่ ได้ ยาก ด้วย ครับ แต่ มึง ไม่ ทำ,มัน ไม่ ได้ ยาก ด้วย ครับ แต่ มึง ไม่ ทำ,ไม่ได้ยากด้วยครับแต่มึงไม่ทำ
127,ผมแค่ต้องการจะสื่อในโลกออนไลน์ว่าคนเรามักตัดสินอีกคนแค่หน้าเฟสเขาเท่านั้น,ผม แค่ ต้อง กลาง จะ สื่อ ใน โลก ออนไลน์ ว่า คนเรา มัก ตัดสิน ใอคน แค่ หน้า เฟส เขา เท่านั้น,ผม แค่ ต้องการ จะ สื่อ ใน โลก ออนไลน์ ว่า คนเรา มัก ตัดสิน อีก คน แค่ หน้า เฟส เขา เท่านั้น,ผมแค่ต้องกลางจะสื่อในโลกออนไลน์ว่าคนเรามักตัดสินใอคนแค่หน้าเฟสเขาเท่านั้น
128,อาหาหาห้ะเห้ยหาหาเห้ยเห้ย,อา ส ตัด ว่าแต่ ดน่ด ตัด กู,อา หา หา ห้ะเห้ย หา หา เห้ยเห้ย,อาสตัดว่าแต่ดน่ดตัดกู
129,กินเบียร์ไม่ได้อ่าโรคประจำตัวกูเลยอ่ากูกินช็อคโกแลตกับของหวานไม่ได้กินช็อคโกแลตจะตาย,้า กิน เบียร์ ไม่ ได้ อา โล ค ประจำตัว กู เลย อะ กิน ช็อคโกแล็ต กะ ของหวาน ไม่ ได้ กิน ช็อกโกแลต จ้ ตาย,กิน เบียร์ ไม่ ได้ อ่า โรคประจำตัว กู เลย อ่า กู กิน ช็อคโกแลต กับ ของหวาน ไม่ ได้ กิน ช็อคโกแลต จะ ตาย,้ากินเบียร์ไม่ได้อาโลคประจำตัวกูเลยอะกินช็อคโกแล็ตกะของหวานไม่ได้กินช็อกโกแลตจ้ตาย
130,โง่ที่ต่ำที่สุดก็คือการที่คุณโง่และคุณคิดว่า,โง่ ง่ ที่ต่ำ ทู้ สุก ก็ คือ การ ที่ หุน โง่ แล้ว คุณ คิด ว่า,โง่ ที่ต่ำ ที่สุด ก็ คือ การ ที่ คุณ โง่ และ คุณ คิด ว่า,โง่ง่ที่ต่ำทู้สุกก็คือการที่หุนโง่แล้วคุณคิดว่า
131,เอ๋ยมีไอ้วีร่าวีร่าวีร่าเห้ยวีร่าผมไปเอาแม่งเดี่ยวได้นะเดี๋ยวผมพยายามเอาป้อมนี้ก่อนผมจะได้ไม่แพ้,เอ้ย มี่ ไง วี ร่า วี ร่า วี ร่า ผม ไป เอา แม่ ง เดียว ได้ นะ เดี๋ยว ผม พยายาม เอา ป้อม นึง ว่ะ ผม จะ ได่ ไม่ แพน,เอ๋ย มี ไอ้ วี ร่า วี ร่า วี ร่า เห้ย วี ร่า ผม ไป เอา แม่ ง เดี่ยว ได้ นะ เดี๋ยว ผม พยายาม เอา ป้อม นี้ ก่อน ผม จะ ได้ ไม่ แพ้,เอ้ยมี่ไงวีร่าวีร่าวีร่าผมไปเอาแม่งเดียวได้นะเดี๋ยวผมพยายามเอาป้อมนึงว่ะผมจะได่ไม่แพน
132,เหงาอยากให้คนดูมีคลิปมีอะไรให้รับชมไปเรื่อยเรื่อยนะครับ,เขา อยาก ให้ คนดู มี คลิป มี อะไร ให้ รับ ชม ไป เรื่อย เรื่อย นะ ครับ,เหงา อยาก ให้ คนดู มี คลิป มี อะไร ให้ รับ ชม ไป เรื่อย เรื่อย นะ ครับ,เขาอยากให้คนดูมีคลิปมีอะไรให้รับชมไปเรื่อยเรื่อยนะครับ
133,กระจอกเกินไปก็อย่าเข้ามาเย็ดหมาถ้ากูไม่ได้บอกให้กดอย่ากด,กระจอก เกิน ไฟ ก็ อยาก เข้ามา ไอ้ เย็ด หมา มึง ไม่ ได้ บอก ให้ กน เดียว โก ด เอ้ย กู ยิน,กระจอก เกินไป ก็ อย่า เข้ามา เย็ด หมา ถ้า กู ไม่ ได้ บอก ให้ กด อย่า กด,กระจอกเกินไฟก็อยากเข้ามาไอ้เย็ดหมามึงไม่ได้บอกให้กนเดียวโกดเอ้ยกูยิน
134,คือเหี้ยอะไรวะไอ้เหี้ยมึงเอาเกมแบบอย่างงี้มาให้กูเล่นแบบคือทำไมวะ,คือ เหี้ย อะไร วะ ไอ้ เหี้ย มึง เอา เกม แบ็บ อย่างงี้ มา ให้ กู เล่น แบบ คือ ทำไม,คือ เหี้ย อะไร วะ ไอ้ เหี้ย มึง เอา เกม แบบ อย่างงี้ มา ให้ กู เล่น แบบ คือ ทำไม วะ,คือเหี้ยอะไรวะไอ้เหี้ยมึงเอาเกมแบ็บอย่างงี้มาให้กูเล่นแบบคือทำไม
135,แกล้งทำเป็นไม่รู้ภาษาอังกฤษและเป็นพวกขี้ก๊อปเวลาเข้าตาจนเนี้ยครับ,แจ้ง ทำเป็น ไม่ รู้ ภาษา อัง กึษ และ เป็พวก ขี้ ก๊อ ป เวลา เข้าตาจน เนี่ย ครับ,แกล้ง ทำเป็น ไม่ รู้ ภาษาอังกฤษ และ เป็น พวก ขี้ ก๊อ ป เวลา เข้าตาจน เนี้ย ครับ,แจ้งทำเป็นไม่รู้ภาษาอังกึษและเป็พวกขี้ก๊อปเวลาเข้าตาจนเนี่ยครับ
136,เอาชีวิตแม่ตัวเองมาเล่าไอ้ควาย,เอาชีวิต แม่ ตัวเอง มา เหล่า อ่ะ ไอ้ ควาย,เอาชีวิต แม่ ตัวเอง มา เล่า ไอ้ ควาย,เอาชีวิตแม่ตัวเองมาเหล่าอ่ะไอ้ควาย
137,คิดว่าคนฉลาดฉลาดแบบกูจะเพี้ยนไปแล้วหรอ,คิด ว่า คน ฉลาด ฉลาด เด กู จะ เพี่ย มัน แล้ว หรอ,คิด ว่า คน ฉลาด ฉลาด แบบ กู จะ เพี้ยน ไป แล้ว หรอ,คิดว่าคนฉลาดฉลาดเดกูจะเพี่ยมันแล้วหรอ
138,เขาไม่ค่อยอยากที่จะยอมรับณตรงนั้นน่ะแต่เขาทำอะไรแบบนั้น,เขา ไม่ค่อย อยาก ที่จะ ยอมรับ ใน ตรงนั้น อะ แต่ เขา ทำ อะไร แบบ นั้น,เขา ไม่ค่อย อยาก ที่จะ ยอมรับ ณ ตรงนั้น น่ะ แต่ เขา ทำ อะไร แบบ นั้น,เขาไม่ค่อยอยากที่จะยอมรับในตรงนั้นอะแต่เขาทำอะไรแบบนั้น
139,นี่ทำใมเกมแรกของวันกูต้องแพ้ทุกวันด้วยวะเห้ยกูตั้ง,นี้ ทำไม เกม แรก ของ วัน กู ต้อง แพ้ ทุกวัน เนียพอรอ เอ้ย กู ตัง,นี่ ทำ ใม เกม แรก ของ วัน กู ต้อง แพ้ ทุกวัน ด้วย วะ เห้ย กู ตั้ง,นี้ทำไมเกมแรกของวันกูต้องแพ้ทุกวันเนียพอรอเอ้ยกูตัง
140,สวยมากสวยแบบสวยใส่เกาะอกนมใหญ่ผิวขาวสวยมากน้อง,สวย มาก สวย แบบ สวย ใส่ โกก เอว ขอด นม ใหย่ ผิวขาว สวย มาก,สวย มาก สวย แบบ สวย ใส่ เกาะ อก นม ใหญ่ ผิวขาว สวย มาก น้อง,สวยมากสวยแบบสวยใส่โกกเอวขอดนมใหย่ผิวขาวสวยมาก
141,ช่วนนึงที่เราสนิทกันเราไปไหนไปด้วยกันตลอดโอเคกลับเรื่องกะเหรี่มันมีเมียคนนึงนั่นแหละ,ช่วค นึง ที่ เรา นี กัน เรา ไป ไหน ป ด้วยกัน ตลอด โอเค กับ เรื่อ ก็ดี มัน มี เมีย นึง นั่น หละ,ช่วน นึง ที่ เรา สนิท กัน เรา ไป ไหน ไป ด้วยกัน ตลอด โอเค กลับ เรื่อง กะ เห รี่ มัน มี เมีย คน นึง นั่นแหละ,ช่วคนึงที่เรานีกันเราไปไหนปด้วยกันตลอดโอเคกับเรื่อก็ดีมันมีเมียนึงนั่นหละ
142,กี่วินาทีเนี่ยแม่งขำไปสามรอบ,ห จี ก วินาที นั่ แม่ ง ขำ ไป สาม รอบ,กี่ วินาที เนี่ย แม่ ง ขำ ไป สาม รอบ,หจีกวินาทีนั่แม่งขำไปสามรอบ
143,จากการที่มึงแกล้งเนี่ย,จาก การ ที่ มึง แกล้ง เนี้ย,จาก การ ที่ มึง แกล้ง เนี่ย,จากการที่มึงแกล้งเนี้ย
144,สุลต่านคนนี้ยังมีนิสัยทำตัวเหมือนสุลต่านเพราะว่าแม่งรวยบ้านรวยมากพ่อเป็นกิจเจ้า,ละ ต่าน คน นี้ มี นิสัย ทำตัว เเป สุลต่าน กู เรียก เขา สุลต่าน ปะ ว่ แม่ ง รวย บ้าน รวย มาก พ่อ เป็น จิก เจ,สุลต่าน คน นี้ ยังมี นิสัย ทำตัว เหมือน สุลต่าน เพราะว่า แม่ ง รวย บ้าน รวย มาก พ่อ เป็น กิจ เจ้า,ละต่านคนนี้มีนิสัยทำตัวเเปสุลต่านกูเรียกเขาสุลต่านปะว่แม่งรวยบ้านรวยมากพ่อเป็นจิกเจ
145,ทำท่าเหมือนมองแต่พอไอ้สุลต่านไปนะคืออะไรวะเหี้ย,้าง ถ้า เหมือน มอง แต่ พ่อ ใอ้ สุลต่าน ไป นะ คือ อะไร วะ เหี้ย,ทำท่า เหมือน มอง แต่ พอ ไอ้ สุลต่าน ไป นะ คือ อะไร วะ เหี้ย,้างถ้าเหมือนมองแต่พ่อใอ้สุลต่านไปนะคืออะไรวะเหี้ย
146,แม่งทำเก่งจริงจริงเลยว่ะ,แม่ ง ทำ เก่ง จริง จริง เลย วะ,แม่ ง ทำ เก่ง จริง จริง เลย ว่ะ,แม่งทำเก่งจริงจริงเลยวะ
147,และในจุดจุดหนึ่งนะครับน่ารำคาญซะด้วยซ้ำที่แบบเออมึงจะหยุดพูดทำไม,แม่ ได้ จุด จุด นึง เนี่ย ครับ มัน น่ารำคาญ ซะ ด้วยซ้ำ ที่ แบ บเอ ิัน มึง จะ หยุด พูด ทำไม,และ ใน จุด จุด หนึ่ง นะ ครับ น่ารำคาญ ซะ ด้วยซ้ำ ที่ แบบ เออ มึง จะ หยุด พูด ทำไม,แม่ได้จุดจุดนึงเนี่ยครับมันน่ารำคาญซะด้วยซ้ำที่แบบเอิันมึงจะหยุดพูดทำไม
148,ไอ้เหี้ยเมียถามละไอ้สัดไปทำไม,ไอ้ เหี้ย มี ย ถาม ไล้ ว สัด ปา ทำ ไหม,ไอ้ เหี้ย เมีย ถา มละ ไอ้ สัด ไป ทำไม,ไอ้เหี้ยมียถามไล้วสัดปาทำไหม
149,แต่ที่สื่อคือถ้านายจะวอร์จะแหกจะอะไรช่วยทำให้เราดับหรือจมทีครับ,แต่ ที่ สื่อ คือ ถ้า ไน ย จะ วอ จะ แหก จาก อะไร ก็ ชั่ว ย ทำให้ เรา ดัำ มา โจ ชี้ ครับ,แต่ ที่ สื่อ คือ ถ้า นาย จะ วอร์ จะ แหก จะ อะไร ช่วย ทำให้ เรา ดับ หรือ จม ที ครับ,แต่ที่สื่อคือถ้าไนยจะวอจะแหกจากอะไรก็ชั่วยทำให้เราดัำมาโจชี้ครับ
150,ไอ้ควายโอ้วพ่องตายไปดิไปดิไป,ไอ้ ควาย โอ้ว ป้อม ตาย ไป ไป เนี้ยปย,ไอ้ ควาย โอ้ว พ่อ ง ตาย ไป ดิ ไป ดิ ไป,ไอ้ควายโอ้วป้อมตายไปไปเนี้ยปย
151,พอเจอกูคนไทยเขาจะพูดเป็นพูดภาษาฝรั่งเว้ยวันอะฟัควันอะฟัควันอะฟัคจะฟัค,พอ เจอ กู คนไทย เขา จะ พูด เป็น ฟู้ด้วภ่ษามฝร่ง อ่า วอน นะ ฟัคว้อน อะ ฟัคว้อน อะ ฟัค จะ ฟัค่,พอ เจอ กู คนไทย เขา จะ พูด เป็น พูด ภาษา ฝรั่ง เว้ย วัน อะ ฟัค วัน อะ ฟัค วัน อะ ฟัค จะ ฟัค,พอเจอกูคนไทยเขาจะพูดเป็นฟู้ด้วภ่ษามฝร่งอ่าวอนนะฟัคว้อนอะฟัคว้อนอะฟัคจะฟัค่
152,กันให้เรียบร้อยนะเย็ดแม้วใจกูแบบมึงก็แบบเสียเร็วขนาดเนี้ย,ก็ ให้ เรียบร้อย นะ เย็ด แม่ วใจ้ กู แบก มึง ก็ แบบอย่าง เสีย เร่ว ขนาด เนี้ย,กัน ให้ เรียบร้อย นะ เย็ด แม้ว ใจ กู แบบ มึง ก็ แบบ เสีย เร็ว ขนาด เนี้ย,ก็ให้เรียบร้อยนะเย็ดแม่วใจ้กูแบกมึงก็แบบอย่างเสียเร่วขนาดเนี้ย
153,ท่านครับนี่มึงเพิ่งโควตตัวเองหลังจากที่มึงบอกว่ามาจากเพลงใช่ไหมครับท่าน,ท่า นค รับได้ มึง พึง โขด ตัวเอง หลังจากที่ มึง โบ ว่า มาจาก เพลง ใช่ไหม ครับ ท่าน,ท่าน ครับ นี่ มึง เพิ่ง โค วต ตัวเอง หลังจากที่ มึง บอ กว่า มาจาก เพลง ใช่ไหม ครับ ท่าน,ท่านครับได้มึงพึงโขดตัวเองหลังจากที่มึงโบว่ามาจากเพลงใช่ไหมครับท่าน
154,คนเหล่านี้มันแค่เด็กอะครับหรือที่ชัดเจนมากกว่านั้น,คน เหล่านี้ มัน แค่ เด็ก อ่ะ ครับ หรืที่ ชัดเจน มากกว่า นั้น,คน เหล่านี้ มัน แค่ เด็ก อะ ครับ หรือ ที่ ชัดเจน มากกว่า นั้น,คนเหล่านี้มันแค่เด็กอ่ะครับหรืที่ชัดเจนมากกว่านั้น
155,ก็ดาบทาลอนนะมันบวกความเร็วโจมตีสามสิบเปอร์เซนต์มันก็เลยรวมกันเป็นห้าสิบเปอร์เซนต์โคตรไว,อ ดาบ ทา ลอน นะ มัน บวก ความเร็ว ดว ตีสาม สิ่ เปอร์ เซน นั้น ม่ง ก็ เลย รวมกัน ไป ถ้า สิบ เปอร์ เซน ต พูด ไว ัย อันนี้,ก็ ดาบ ทา ลอน นะ มัน บวก ความเร็ว โจมตี สามสิบ เปอร์ เซนต์ มัน ก็ เลย รวมกัน เป็น ห้าสิบ เปอร์ เซนต์ โคตร ไว,อดาบทาลอนนะมันบวกความเร็วดวตีสามสิ่เปอร์เซนนั้นม่งก็เลยรวมกันไปถ้าสิบเปอร์เซนตพูดไวัยอันนี้
156,ไอ้เหี้ยมึงก็ไม่ได้เก่งเหี้ยไรหรอก,อี เหี้ย มึง ก็ ไม่ ได้ เก่ง เหี้ย อะไร หรอก,ไอ้ เหี้ย มึง ก็ ไม่ ได้ เก่ง เหี้ย ไร หรอก,อีเหี้ยมึงก็ไม่ได้เก่งเหี้ยอะไรหรอก
157,เล้าหลือจับนมกูน่ะกูก็ไปอ่านกูรู้แล้วว่าพวกมึงเป็นอย่างงี้ซอยคาวบอยอยู่แถวสมมุติว่าชื่อสุขุมวิท,เล้า หรือ จับ นม กู เะก ไป อ่าน กู รู้ แ้ว ว่า มึ เป็น ยัห นี้ งส รัย คาวบอย อยู่ แถว สมมุติ ว่า ชื่อ สุขุมวิท,เล้า ห ลือ จับ นม กู น่ะ กู ก็ ไป อ่าน กู รู้ แล้ว ว่า พวก มึง เป็น อย่างงี้ ซอย คาวบอย อยู่ แถว สมมุติ ว่า ชื่อ สุขุมวิท,เล้าหรือจับนมกูเะกไปอ่านกูรู้แ้วว่ามึเป็นยัหนี้งสรัยคาวบอยอยู่แถวสมมุติว่าชื่อสุขุมวิท
158,ฮีโร่ที่เป็นได้แค่ไอ้โง่,ฮีโร่ ที่ เป็นได้ แค่ ไอ้ โง่,ฮีโร่ ที่ เป็นได้ แค่ ไอ้ โง่,ฮีโร่ที่เป็นได้แค่ไอ้โง่
159,พูดมากเดี๋ยวกูต้องพาไปเข้านอนปวดกูบ้างเรื่องหยาบคายช่ำชองกูไม่สน,มาก เหลือ กู ต้อง พา พ ไป เข้านอน โถ ด กู บ้าง และ ยาบ คาย ท่ นา ห้า ฉ้า มุม ไม่ ตูก,พูดมาก เดี๋ยว กู ต้อง พา ไป เข้านอน ปวด กู บ้าง เรื่อง หยาบคาย ช่ำชอง กู ไม่ สน,มากเหลือกูต้องพาพไปเข้านอนโถดกูบ้างและยาบคายท่นาห้าฉ้ามุมไม่ตูก
160,โง่ไปบอกคนอื่นอีกแต่ระดับความโง่ที่อยู่ใกล้ใกล้กันครับ,เขา โง่ ไป บก คนอื่น อีก แต่ ระดับ ความ โง่ ที่อยู่ ก้า ใกล้ กัน ครับ,โง่ ไป บอก คนอื่น อีก แต่ ระดับ ความ โง่ ที่อยู่ ใกล้ ใกล้ กัน ครับ,เขาโง่ไปบกคนอื่นอีกแต่ระดับความโง่ที่อยู่ก้าใกล้กันครับ
161,ถ้าเกิดว่าใครคิดเห็นอย่างไรเนี้ยหรืออยากดูข้อมูลเพิ่มเติมก็สามารถไปดูได้ที่ช่อง,ถ้า เกิด ว่า ใคร คิดเห็น อย่างไร เนี่ย ลึ อยาก ดู ข้อมูล เพิ่มเติม ก็ สามารถ ไปดู ได้ที่ ช่อง,ถ้า เกิด ว่า ใคร คิดเห็น อย่างไร เนี้ย หรือ อยาก ดู ข้อมูล เพิ่มเติม ก็ สามารถ ไปดู ได้ที่ ช่อง,ถ้าเกิดว่าใครคิดเห็นอย่างไรเนี่ยลึอยากดูข้อมูลเพิ่มเติมก็สามารถไปดูได้ที่ช่อง
162,ว่าผมจะไปเที่ยวกลางคืนพ่อแบบว่าไปแบบไปแบบทำเรื่องอย่างว่าด้วยอ่อ,ว่า ผม จะ ไปเที่ยว กลางคืน พ่อ บ ว่า ไป แบบ ไป แบบ ทำ เรื่อ งอ ย่ง ว่า เด้ วอ่อ,ว่า ผม จะ ไปเที่ยว กลางคืน พ่อ แบบ ว่า ไป แบบ ไป แบบ ทำ เรื่อง อย่าง ว่าด้วย อ่อ,ว่าผมจะไปเที่ยวกลางคืนพ่อบว่าไปแบบไปแบบทำเรื่องอย่งว่าเด้วอ่อ
163,แทนที่ปรสิตมันจะทำให้คอนเทนต์มันดีขึ้นน่าดูมากขึ้น,แทนที่ ปรสิต มัน จะ ทำให้ คอนเทนต์ มัน ดีขึ้น น่าดู มากขึ้น,แทนที่ ปรสิต มัน จะ ทำให้ คอนเทนต์ มัน ดีขึ้น น่าดู มากขึ้น,แทนที่ปรสิตมันจะทำให้คอนเทนต์มันดีขึ้นน่าดูมากขึ้น
164,ไอ่ได้ไหมสมใจอยากผมได้ดูหีโหแอกเกรสซีฟจังพ่อพึ่งสวดมนต์เสร็จพ่อกำลัง,อ่า ด่า แม่ ผม ใจ ะ อยาก ผม ได้ ดู หี โห อาจ ฉะ สี บ จัง พอ พึง ส่วดบน เสร็จ พ่อ,ไอ่ ได้ ไหม สมใจอยาก ผม ได้ ดู หี โห แอก เก รส ซี ฟ จัง พ่อ พึ่ง สวดมนต์ เสร็จ พ่อ กำลัง,อ่าด่าแม่ผมใจะอยากผมได้ดูหีโหอาจฉะสีบจังพอพึงส่วดบนเสร็จพ่อ
165,แต่ผมเนี่ยครับเป็นคนที่ไม่ดูยูทูปเบอร์ในไทยอยู่แล้ว,แต่ ผม นะ ครับ เป็น คน ที่ ไม่ ดู ยู ทู ป เบอร์ น ไท ยอ ยู แล้ว,แต่ ผม เนี่ย ครับ เป็น คน ที่ ไม่ ดู ยู ทู ป เบอร์ ใน ไทย อยู่แล้ว,แต่ผมนะครับเป็นคนที่ไม่ดูยูทูปเบอร์นไทยอยูแล้ว
166,ยามอ่าเปลี่ยนเอเคเอเป็นเพิ่มกากที่เราไม่เอาด้วยก็เพราะว่ากล้วยเพิ่ม,ยาว อ่ะ เส เปีย น เอเค เป็น โพ ม กาบ หี่ เร่า ไม่ เอา า ด้วย กับ เผ ม ก็ กล วย เพ ิ่,ยาม อ่า เปลี่ยน เอเค เอ เป็น เพิ่ม กาก ที่ เรา ไม่ เอา ด้วย ก็เพราะว่า กล้วย เพิ่ม,ยาวอ่ะเสเปียนเอเคเป็นโพมกาบหี่เร่าไม่เอาาด้วยกับเผมก็กลวยเพิ่
167,คุณเข้าใจไหมผมโดนบางอย่างที่ไม่สามารถจะพูดออกมาตรงตรงได้,มึง ก็ จห มะ ผม โดน บางอย่าง ที่ ไม่ สามารถ จะ พูด ออกมา ตรง ตรง ได้,คุณ เข้าใจ ไหม ผม โดน บางอย่าง ที่ ไม่ สามารถ จะ พูด ออกมา ตรง ตรง ได้,มึงก็จหมะผมโดนบางอย่างที่ไม่สามารถจะพูดออกมาตรงตรงได้
168,เต้าแตกวะเอาให้หัวนมช้ำมึงต้องร้องอุทานออกมาว่าโอ้ยหัวนม,เป่า แตก ก เอา ไห้ หัวนม ชับคน มึง ต้น ร้อง กู ทาน ออกมา วะ อ้อย หัว น้,เต้า แตก วะ เอา ให้ หัวนม ช้ำ มึง ต้อง ร้อง อุทาน ออกมา ว่า โอ้ย หัวนม,เป่าแตกกเอาไห้หัวนมชับคนมึงต้นร้องกูทานออกมาวะอ้อยหัวน้
169,มึงไม่เข้าใจมึงมึงไม่เข้าใจกับ,มึง ไม่ เข้าใจ อะ มึง มึง ไม่ เข้าใจ กับ สิ,มึง ไม่ เข้าใจ มึง มึง ไม่ เข้าใจ กับ,มึงไม่เข้าใจอะมึงมึงไม่เข้าใจกับสิ
170,ครับเป็นสิ่งที่รัฐบาลและนักจิตวิทยาทั่วโลกควรจะจับตามอง,ครับ เป็น สิ่ง ที่ รัฐบาล และ นักจิตวิทยา ทั่วโลก ควรจะ จับตา ม่า,ครับ เป็น สิ่ง ที่ รัฐบาล และ นักจิตวิทยา ทั่วโลก ควรจะ จับตามอง,ครับเป็นสิ่งที่รัฐบาลและนักจิตวิทยาทั่วโลกควรจะจับตาม่า
171,แผนของผมก็คือผมจะสร้างมีมและให้คนในดิสคอร์ดของผมเนี่ยครับ,ม่าพบ ก็ คือ ผม จะ สร้าง มี ร แล ิ ให้ คนใน ดิส คอ รด ของ ผม นะ ครับ สั,แผน ของ ผม ก็ คือ ผม จะ สร้าง มีม และ ให้ คนใน ดิส คอร์ด ของ ผม เนี่ย ครับ,ม่าพบก็คือผมจะสร้างมีรแลิให้คนในดิสคอรดของผมนะครับสั
172,ชีวิตดีดีอ่ะไอ้เหี้ย,ชีวิต ไอ้ ดี อ่ย ไอ้ เหี้ย,ชีวิต ดี ดี อ่ะ ไอ้ เหี้ย,ชีวิตไอ้ดีอ่ยไอ้เหี้ย
173,แล้วมึงจะกลัวมันทำเหี้ยอะไร,แล้ว ปึง จะ กลัว มัน ทำ เหี้ย อะไร,แล้ว มึง จะ กลัว มัน ทำ เหี้ย อะไร,แล้วปึงจะกลัวมันทำเหี้ยอะไร
174,อตื่นเช้ามาเท่านั้นแหละความรู้สึกคือมันเหมือนคุณน่ะใส่เหล็กไว้สักร้อยตัน,พอ ตื่น เช้า มา า เท่า นั่นแหละ ความรู้สึก คือ มัน เหมือน คุณ ใส่ เหล็ก ไว้ สัก ท้อ ย ตัด,อ ตื่น เช้า มา เท่า นั้นแหละ ความรู้สึก คือ มัน เหมือน คุณ น่ะ ใส่ เหล็ก ไว้ สัก ร้อย ตัน,พอตื่นเช้ามาาเท่านั่นแหละความรู้สึกคือมันเหมือนคุณใส่เหล็กไว้สักท้อยตัด
175,ตายป่าว,ฮืม ตาย รึ ป่าว,ตาย ป่าว,ฮืมตายรึป่าว
176,โชคดีอ่ะเนาะเลยไม่ได้เป็นทหารไงโว้ยถ้าผมเป็นทหารกว่านี้นะผมยศ,โย คดี อ่ะ นะ เด ย ไม่ ได้ เป็น ทหาร นี้ หู้ย ถ้า ผม เป็น ทหาร พอน นี้ นะ ผม หยด,โชคดี อ่ะ เนาะ เลย ไม่ ได้ เป็น ทหาร ไง โว้ย ถ้า ผม เป็น ทหาร กว่า นี้ นะ ผม ยศ,โยคดีอ่ะนะเดยไม่ได้เป็นทหารนี้หู้ยถ้าผมเป็นทหารพอนนี้นะผมหยด
177,จะแบบมาชวนคุยมานั่งกินผมก็สั่งเบียร์แอปเปิ้ลเป็นคนไม่แดกเบียร์แดกแต่เหล้า,แส ชวน คุย มา นั่ง จกิงผม ก็ สั่ง เบียร แอปเปิ้ล เป็น คไมี แดก เบียร์ แดก แต่ เล้า,จะ แบบ มา ชวน คุย มา นั่ง กิน ผม ก็ สั่ง เบียร์ แอปเปิ้ล เป็น คน ไม่ แดก เบียร์ แดก แต่ เหล้า,แสชวนคุยมานั่งจกิงผมก็สั่งเบียรแอปเปิ้ลเป็นคไมีแดกเบียร์แดกแต่เล้า
178,เหมือนกันสัดกูรู้สึกแย่อะมันค่อนค้าง,เหมือนกัน สัด กู รู้สึก แย่ มัน ก็ น ข้าง,เหมือนกัน สัด กู รู้สึก แย่ อะ มัน ค่อน ค้าง,เหมือนกันสัดกูรู้สึกแย่มันก็นข้าง
179,จากนะคนเต็มเลยอ่ะเออโห่เอ้ยเมื่อวานก็มีคนมารุมต่อยผมนะประมาณ,จับ นัก คน เต ม ล่ะ เออ โห่ เอ้ อง วาย ก็ มี คน มา ลุ ม ต่อย ผม แล้ว บะ มา ะ,จาก นะ คน เต็ม เลย อ่ะ เออ โห่ เอ้ย เมื่อวาน ก็ มี คน มา รุม ต่อย ผม นะ ประมาณ,จับนักคนเตมล่ะเออโห่เอ้องวายก็มีคนมาลุมต่อยผมแล้วบะมาะ
180,ตุ่มตุ่มตุ่มหลานอังคารมาเป็นมาทุกเพลงมืงอย่างได้เพลงแนวไหนมึงไปที่นั่นมึงได้หมดเลยทุกวันนี้,ตุ่ม ตุ้ม ตุ้ม ร้าน ขาง ข้าง มา เป็นมา ทุก เพลง มึง อยากได้ เพลง แนว ไห มึง ไป ท นั่น มึง ได้ หมด เลย ทุกวันนี้,ตุ่ม ตุ่ม ตุ่ม หลาน อังคาร มา เป็นมา ทุก เพลง มืง อย่าง ได้ เพลง แนว ไหน มึง ไป ที่นั่น มึง ได้ หมด เลย ทุกวันนี้,ตุ่มตุ้มตุ้มร้านขางข้างมาเป็นมาทุกเพลงมึงอยากได้เพลงแนวไหมึงไปทนั่นมึงได้หมดเลยทุกวันนี้
181,มาดิไอ้เหี้ย,มา เด ิ ไอ้ เหี้ย,มา ดิ ไอ้ เหี้ย,มาเดิไอ้เหี้ย
182,ไอ้เย็ดแม่ตาย,ไอ้ เย็ด แม่ตาย แมด,ไอ้ เย็ด แม่ตาย,ไอ้เย็ดแม่ตายแมด
183,กูแบบกลึบกลืบกลืบกลืบไอ้สัดอ้วก,กู บอก รึ บดึบดืบกรืบ ไอ้ สัส โอ้ว ด,กู แบ บก ลึบก ลืบ ก ลืบ ก ลืบ ไอ้ สัด อ้วก,กูบอกรึบดึบดืบกรืบไอ้สัสโอ้วด
184,แต่น่าเบื่อชิบหาย,แต่ น่าเบื่อ ชี บ หาย,แต่ น่าเบื่อ ชิบหาย,แต่น่าเบื่อชีบหาย
185,เขาก็มองว่าตัวทิวากรเนี้ยเป็นพวกอ่าเรียกร้องความสนใจสูงเรียกร้องความสนใจเ,เขา ก็ มองว่า ตัว ที วา กร เนี่ย เป็น พวก อ่า เรียกร้อง ความสนใจ สูง เรียกร้อง ความสนใจ จริง,เขา ก็ มองว่า ตัว ทิวากร เนี้ย เป็น พวก อ่า เรียกร้อง ความสนใจ สูง เรียกร้อง ความสนใจ เ,เขาก็มองว่าตัวทีวากรเนี่ยเป็นพวกอ่าเรียกร้องความสนใจสูงเรียกร้องความสนใจจริง
186,แล้วไงวะมันจะยอมรับมันจะไม่ยอมรับก๊อปมันก็ยังก๊อปอยู่วันยังค่ำไม่ใช่หรอ,แล้ว ไง วะ มัน จะ ยอมรับ มัน จะ ไม่ ยอมรับ ก๊อ ป มัน ก็ ยัง ก๊อ ปอ ยู่ อัน อั้น ข้า ไม่ ใช่ หรอ,แล้ว ไง วะ มัน จะ ยอมรับ มัน จะ ไม่ ยอมรับ ก๊อ ป มัน ก็ ยัง ก๊อ ปอ ยู่ วันยังค่ำ ไม่ ใช่ หรอ,แล้วไงวะมันจะยอมรับมันจะไม่ยอมรับก๊อปมันก็ยังก๊อปอยู่อันอั้นข้าไม่ใช่หรอ
187,เป็นไงรวยป่าวโห่อิจฉาอ่ะดิซื้อสองเครื่อง,า เป็นไง ะ รวย บ่า โอ้โห โห ไอ้ ชา ด่ ซึ่ง สอง ครื่,เป็นไง รวย ป่าว โห่ อิจฉา อ่ะ ดิ ซื้อ สอง เครื่อง,าเป็นไงะรวยบ่าโอ้โหโหไอ้ชาด่ซึ่งสองครื่
188,อุ้ดเลยนะสุลต่านกูก็จะกั้นกั้นขำหน่อยแต่ก็แต่ก็ฟังแต่ก็เนียนภาษาอังกฤษต่อไปเยย,ด เลย นะ สุ น ต่าง กู จะ ข้า ช ข้า ขำ เล่ย้ ก็ แต่ ก็ ฟัง แต่ ยว ก็ เมีย นภา า อัง กิษ ต่อไป เย่อ เย่ย,อุ้ด เลย นะ สุลต่าน กู ก็ จะ กั้น กั้น ขำ หน่อย แต่ ก็ แต่ ก็ ฟัง แต่ ก็ เนียน ภาษาอังกฤษ ต่อไป เย ย,ดเลยนะสุนต่างกูจะข้าชข้าขำเล่ย้ก็แต่ก็ฟังแต่ยวก็เมียนภาาอังกิษต่อไปเย่อเย่ย
189,ถ้าเกิดมีสปอนเซอร์มีผู้สนับสนุนเนี้ยโอ้โหต้องคิดให้หนักแล้วนะครับ,ถ้า เกิด มี สป๊อน เซอร์ มี ผู้ สนับ ส นุ นี้ อก มา ต้อง คิด ให้ หนัง และ นะ ครับ,ถ้า เกิด มี สปอนเซอร์ มี ผู้สนับสนุน เนี้ย โอ้โห ต้อง คิด ให้ หนัก แล้ว นะ ครับ,ถ้าเกิดมีสป๊อนเซอร์มีผู้สนับสนุนี้อกมาต้องคิดให้หนังและนะครับ
190,พี่ได้นะพี่ให้พันหนึ่งเอ่อเขาเป็นฮืมรู้ไกลใด้ไหมเออ,ี้ ได้ นะ เพี่ย ให้ พัน นึ่ง เออ เขา ม รู้ ไกล ใช่ไหม เห อ,พี่ ได้ นะ พี่ ให้ พัน หนึ่ง เอ่อ เขา เป็น ฮืม รู้ ไกล ใด้ ไหม เออ,ี้ได้นะเพี่ยให้พันนึ่งเออเขามรู้ไกลใช่ไหมเหอ
191,อร่อยกูคุยสารทุกข์สุกดิบทำงานห่าอะไรกูก็พูดแบบด้วยมึนมึนแล้วแก้วออกมาเขาก็แบบ,อร่อย กู คุย สาร์ ทุก สุก ดิ ป ทำงาน หา อะไร ม ก็ พูด แบ ด้วย มึง มึง แล้ว แก้ว ออกมา เขา ก็ แบบ,อร่อย กู คุย สารทุกข์สุกดิบ ทำงาน ห่า อะไร กู ก็ พูด แบบ ด้วย มึน มึน แล้ว แก้ว ออกมา เขา ก็ แบบ,อร่อยกูคุยสาร์ทุกสุกดิปทำงานหาอะไรมก็พูดแบด้วยมึงมึงแล้วแก้วออกมาเขาก็แบบ
192,กลับก่อนไอ้พวกควายควายทีมโง่โง่เนี่ยไม่ทำไม่ทำอะไรเลย,กาบ ก่อน ไอ้ วา โซ ควาย ทีม โง่ โง่ เนี่ย ไม่ ทำ ไม่ ทำ เอะ ไร เลย,กลับ ก่อน ไอ้ พวก ควาย ควาย ทีม โง่ โง่ เนี่ย ไม่ ทำ ไม่ ทำ อะไร เลย,กาบก่อนไอ้วาโซควายทีมโง่โง่เนี่ยไม่ทำไม่ทำเอะไรเลย
193,ควยมันสู้ไม่ไหวแล้วควย,ควย มา สู้ ไม่ ไห ม่ แล้ว โอ ควย,ควย มัน สู้ ไม่ ไหว แล้ว ควย,ควยมาสู้ไม่ไหม่แล้วโอควย
194,ไอ้เวรกูทำได้คนเดียวป้ะ,ไอ้เวร กู ทำได้ คนเดียว ปละ,ไอ้เวร กู ทำได้ คนเดียว ป้ะ,ไอ้เวรกูทำได้คนเดียวปละ
195,เหมือนดันแนวแนวนี้เหมือนกันแต่แต่งตัวสวยสวยหน่อยพอถึงคิวกูเหมือนเดิมหลบกูแต่ถึงคิวสุลต่าน,เหมือน เดือน วเลนี หมืน นต่ตัสวย สวย หน่อ ยอ ทอ ถึง คิว กู เหมือนเดิม หลบ กู แต่ ถึง สุลต่าน,เหมือน ดัน แนว แนว นี้ เหมือนกัน แต่ แต่งตัว สวย สวย หน่อย พอ ถึง คิว กู เหมือนเดิม หลบ กู แต่ ถึง คิว สุลต่าน,เหมือนเดือนวเลนีหมืนนต่ตัสวยสวยหน่อยอทอถึงคิวกูเหมือนเดิมหลบกูแต่ถึงสุลต่าน
196,การเป็นไปอย่างราบรื่นครับอาจจะราบรื่นเกินไปซะด้วยซ้ำ,การ เป็น อย่าง ราบ เร ื่น ครับ อาจจะ ราบรื่น เกินไป ซะ ด้วยซ้ำ,การ เป็นไป อย่าง ราบรื่น ครับ อาจจะ ราบรื่น เกินไป ซะ ด้วยซ้ำ,การเป็นอย่างราบเรื่นครับอาจจะราบรื่นเกินไปซะด้วยซ้ำ
197,อ่าอ่าอ่ามึงดีแต่ตบนมมึงไม่ต้องโชว์แสลงโหด,อ่ะ อ่ะ อ่ะ มึง ดี แจ่ตบ เรา มึง ไม่ ต้อ งชว์ สัน แรง โหด,อ่า อ่า อ่า มึง ดีแต่ ตบ นม มึง ไม่ต้อง โชว์ แสลง โหด,อ่ะอ่ะอ่ะมึงดีแจ่ตบเรามึงไม่ต้องชว์สันแรงโหด
198,แต่ถ้าเกิดผมปล่อยคลิปนี้ออกไปนะครับทุกคนจะรู้ว่ามันคือผม,แต่ ถ้า เกิด ผม ปล่อย คลิป นี้ ลอก ไป เนะ่ ครับ ทุกคน จะ รู้ ว่า มัน คือ ผม,แต่ ถ้า เกิด ผม ปล่อย คลิป นี้ ออก ไป นะ ครับ ทุกคน จะ รู้ ว่า มัน คือ ผม,แต่ถ้าเกิดผมปล่อยคลิปนี้ลอกไปเนะ่ครับทุกคนจะรู้ว่ามันคือผม
199,นี้ไอ้แวนไอ้แวนเอาแวนเอาแวนไอ้แวน,รอ เห้ย นี้ ไอ้ แวน ไอ้ ว๊น ไอ า แวน ไอ า แว้ น ไอ้ แวน,นี้ ไอ้ แวน ไอ้ แวน เอา แวน เอา แวน ไอ้ แวน,รอเห้ยนี้ไอ้แวนไอ้ว๊นไอาแวนไอาแว้นไอ้แวน
200,ที่ดีละงงมากโถ่เพิ่มจะตกกูก็คงยากละที่มึงเลือก,เร ืมง มี กู ฟาง ดี นี แล้ว มอง มาก ถว่ เพิ่ม จะ ตบ กู ก็ คง อยาก และ ที่ มึ,ที่ ดีละ งง มาก โถ่ เพิ่ม จะ ตก กู ก็ คง ยาก ละ ที่ มึง เลือก,เรืมงมีกูฟางดีนีแล้วมองมากถว่เพิ่มจะตบกูก็คงอยากและที่มึ
201,ที่มันไม่ได้ดูมีอะไรมากขนาดนั้นแต่คลิปต้นฉบับเนี่ยครับ,ที่ มัน ไม่ ได้ ดู มี อะไร มาก ขนาด นั้น แต่ คลิป ตน ฉบับ นะ ครับ มึง,ที่ มัน ไม่ ได้ ดู มี อะไร มาก ขนาด นั้น แต่ คลิป ต้นฉบับ เนี่ย ครับ,ที่มันไม่ได้ดูมีอะไรมากขนาดนั้นแต่คลิปตนฉบับนะครับมึง
202,ไอ้เด็กเหี้ย,ไอ้ เด็ก เหี้ย,ไอ้ เด็ก เหี้ย,ไอ้เด็กเหี้ย
203,ผมเดินไปออกจากเซเว่นเลี้ยวขวาเป็นร้านแม็คเขาให้กูไปรอในแมคให้กูนั่งกิน,ผม เดิน ไป เร้วจ้ เซเว่น เลี้ยวขวา เป็น ร้าน แม็ค เขา ให้ กู ไป รอ นี่ ไหม้ ให้ กู นั่ง กิน,ผม เดิน ไป ออกจาก เซเว่น เลี้ยวขวา เป็น ร้าน แม็ค เขา ให้ กู ไป รอ ใน แมค ให้ กู นั่ง กิน,ผมเดินไปเร้วจ้เซเว่นเลี้ยวขวาเป็นร้านแม็คเขาให้กูไปรอนี่ไหม้ให้กูนั่งกิน
204,กะหรี่เรื่องที่ผมเล่าต่อจากนี้เป็นเรื่องสมมุติโกหกนะฮับแล้วก็ใครที่อ่อนไหว,กะหรี่ เรื่อง ที่ ผม เล่า อ จากนี้ เป็นเรื่อง สมมุติ โกหก นะ ครับ แล้วก็ ใคร ที่ อ่อน ไว,กะหรี่ เรื่อง ที่ ผม เล่า ต่อจากนี้ เป็นเรื่อง สมมุติ โกหก นะ ฮับ แล้วก็ ใคร ที่ อ่อนไหว,กะหรี่เรื่องที่ผมเล่าอจากนี้เป็นเรื่องสมมุติโกหกนะครับแล้วก็ใครที่อ่อนไว
205,เอากล้วยไปใช้ปาดคอ,เอา กล้วย ไป่ ใช่ ฝาด โค อ,เอา กล้วย ไป ใช้ ปาด คอ,เอากล้วยไป่ใช่ฝาดโคอ
206,กล้วยฆ่าคนได้,กล้วย ฆ่า คน ได้,กล้วย ฆ่า คน ได้,กล้วยฆ่าคนได้
207,ให้กูได้เยี่ยวหม่นหม่นสัดสัดเลยหม่นแบบหม่นมากพี่สุละสุลต่านกู,ให้ กู ได้ เหี่ยว มน มน สัด สัด เละ มน ปะ มน มาก พี่ สุ ล สุลต่าน,ให้ กู ได้ เยี่ยว หม่น หม่น สัด สัด เลย หม่น แบบ หม่น มาก พี่ สุ ละ สุลต่าน กู,ให้กูได้เหี่ยวมนมนสัดสัดเละมนปะมนมากพี่สุลสุลต่าน
208,เราจะมาใช้เวลาดูกันก่อนนะครับว่าคุณเต้นั้นเนี่ยยังถือครองอันดับหนึ่งอยู่หรือไม่,เรา จะ ไม่ ใช้เวลา ดู อน ก่อน นะ ครับ ว่า คุณ เต้ นั้น เนี่ย จัง ถือ ข้อง อันดับ ห นึง อยู่ หรือไม่,เรา จะ มา ใช้เวลา ดู กัน ก่อน นะ ครับ ว่า คุณ เต้ นั้น เนี่ย ยัง ถือครอง อันดับ หนึ่ง อยู่ หรือไม่,เราจะไม่ใช้เวลาดูอนก่อนนะครับว่าคุณเต้นั้นเนี่ยจังถือข้องอันดับหนึงอยู่หรือไม่
209,นับกลัวมากแต่ไปให้สุดและกูกลัวมากมากเขาเอามาสามคนมีผู้หญิงผู้ชายคนนั้นก็จะพูดแบบ,กลัว มาก แต่ ไป ให้ สุด ล้วก กลัว มาก มาก เขา เอา ก มา สาม คน มี ผู้หญิง ผู้ชาย คน นั้น ก็ จะ พูด แบบ,นับ กลัว มาก แต่ ไป ให้ สุด และ กู กลัว มาก มาก เขา เอา มา สาม คน มี ผู้หญิง ผู้ชาย คน นั้น ก็ จะ พูด แบบ,กลัวมากแต่ไปให้สุดล้วกกลัวมากมากเขาเอากมาสามคนมีผู้หญิงผู้ชายคนนั้นก็จะพูดแบบ
210,กูฮาตรงกูทำลายได้แต่มึงทำได้แค่นั่งฮาน้ำตาซึมทุบอกเจ็บใจกัน,กู หา ตรง กู ทำ รายได้ แต่ มึง ทำได้ แค่ นั่ง หา น้ำตา ซึม ชุ บอก เจ็ด ใจ กัน,กู ฮา ตรง กู ทำลาย ได้ แต่ มึง ทำได้ แค่ นั่ง ฮา น้ำตา ซึม ทุ บอก เจ็บใจ กัน,กูหาตรงกูทำรายได้แต่มึงทำได้แค่นั่งหาน้ำตาซึมชุบอกเจ็ดใจกัน
211,มีแต่คนป่วยป่วยรึเพราะกูเป็นคนบาปกูกูอยากกลับบ้านอยากกลับปาจีนกูยากกลับ,้ เจ ด คนป่วย ป่วย หรือ พ รา ะ กู เป็น คน บา รป กู กู อยาก กลับบ้าน อยาก กับ ปราจีน กู อยาก กับ,มี แต่ คนป่วย ป่วย รึ เพราะ กู เป็น คน บาป กู กู อยาก กลับบ้าน อยาก กลับ ปาจีน กู ยาก กลับ,้เจดคนป่วยป่วยหรือพราะกูเป็นคนบารปกูกูอยากกลับบ้านอยากกับปราจีนกูอยากกับ
212,ควายเอ้ยกูมาแล้วนี่ไงคนวิ่ง,หวาย เอ้ย กู มา แล้ว นิ ไง โคน วิ่ง,ควาย เอ้ย กู มา แล้ว นี่ ไง คน วิ่ง,หวายเอ้ยกูมาแล้วนิไงโคนวิ่ง
213,แม่งมีผู้ชายขี่รถไปหามันแม็คพี่ไม่เคยเป็นพี่เป็นผู้ชาย,แม่ ง มี ผู้ชาย ขี้ ล ไปหา ม่าน เ แห มือ น ฮือ เพ ี่ ไม่ เคย เป็น พี่ เป็น ผู้ชาย,แม่ ง มี ผู้ชาย ขี่ รถ ไปหา มัน แม็ค พี่ ไม่ เคย เป็น พี่ เป็น ผู้ชาย,แม่งมีผู้ชายขี้ลไปหาม่านเแหมือนฮือเพี่ไม่เคยเป็นพี่เป็นผู้ชาย
214,ณตอนนี้ความลำบากก็คือผมไม่สามารถที่จะแบ่งเวลาให้กับช่องเรียลบ๋อยละยำได้,ณ ตอนนี้ ความลำบาก ก็ คือ ผม ไม่ สามารถ ที่จะ แบ่งเวลา ให้ กับ ช่อง เรียล บ๋อย ละ ยำ ได้,ณ ตอนนี้ ความลำบาก ก็ คือ ผม ไม่ สามารถ ที่จะ แบ่งเวลา ให้ กับ ช่อง เรียล บ๋อย ละ ยำ ได้,ณตอนนี้ความลำบากก็คือผมไม่สามารถที่จะแบ่งเวลาให้กับช่องเรียลบ๋อยละยำได้
215,พูดเหี้ยอะไรก็ไม่รู้คนเขาจะเชื่อกันหมดแล้วเนี่ย,พูด เหี้ย อะไร ล้ รู้ ไอ้ เห ี้คน ที่ เข จะ เชื่อ ไร หมด แล้ว เนี่ย,พูด เหี้ย อะไร ก็ ไม่ รู้ คน เขา จะ เชื่อ กัน หมด แล้ว เนี่ย,พูดเหี้ยอะไรล้รู้ไอ้เหี้คนที่เขจะเชื่อไรหมดแล้วเนี่ย
216,ครับโดยมีแขกผู้มีเกียรติท่านหนึ่งครับที่ทำธุรกิจมาอย่างยาว,ครับ โดย มี แข พู ตพิ เกียจ ท่าน หนึ่ง ครับ ที่ ทำ ธุรกิจ มา อย่าง ยาว เนีย,ครับ โดย มี แขก ผู้มีเกียรติ ท่าน หนึ่ง ครับ ที่ ทำ ธุรกิจ มา อย่าง ยาว,ครับโดยมีแขพูตพิเกียจท่านหนึ่งครับที่ทำธุรกิจมาอย่างยาวเนีย
217,เย็ดแม่กูสอนให้พวกมึงรักกู,เย็ด แม่ ง อุ สอ ส ให้ พวบ มึง รัก อู น,เย็ด แม่ กู สอน ให้ พวก มึง รัก กู,เย็ดแม่งอุสอสให้พวบมึงรักอูน
218,แต่อย่าลืมครับในตอนที่เราสงสัยนะครับเราไม่ได้สงสัยเนื้อหา,แต่ อย่า ลืม ครับ ใน ตอนที่ เรา สงสัย นะ ครับ เรา ไม่ ได้ สงสัย เนื้อหา,แต่ อย่า ลืม ครับ ใน ตอนที่ เรา สงสัย นะ ครับ เรา ไม่ ได้ สงสัย เนื้อหา,แต่อย่าลืมครับในตอนที่เราสงสัยนะครับเราไม่ได้สงสัยเนื้อหา
219,งไงก็ไม่คุยกับกูจนกระทั่งผมจะบอกผมขอไปเยี่ยวก่อนนะกูก็ออกไปกะจะไปเยี่ยวเขาพี่,ไง ก็ ไม่ คุ ย่ กู จนกระทั่ง ผม จะ บอ กม ค ขา ไป เห ี้ กัน นะ กู ว่า ออก ไป กระจะ ไป เหี้ย ว เขา พี่,ง ไง ก็ ไม่ คุย กับ กู จนกระทั่ง ผม จะ บอก ผม ขอ ไป เยี่ยว ก่อน นะ กู ก็ ออก ไป กะ จะ ไป เยี่ยว เขา พี่,ไงก็ไม่คุย่กูจนกระทั่งผมจะบอกมคขาไปเหี้กันนะกูว่าออกไปกระจะไปเหี้ยวเขาพี่
220,ไอ้เหี้ย,ไอ้ เหี้ย,ไอ้ เหี้ย,ไอ้เหี้ย
221,เขาคงเขาเสียใจมากเลยนะพ่อเออเดินให้สุดเดินให้สุดลูกพ่อเดินให้สุดไหนไหนลูก,เขา คง เขา เสียใจ มาก เลย นับ า เออ เดิน ใน่ สุด เดิอน นี่ สุด ลูก พ่อ เดิน ให้ สุด ไ้ ไหน ล,เขา คง เขา เสียใจ มาก เลย นะ พ่อ เออ เดิน ให้ สุด เดิน ให้ สุด ลูก พ่อ เดิน ให้ สุด ไหน ไหน ลูก,เขาคงเขาเสียใจมากเลยนับาเออเดินใน่สุดเดิอนนี่สุดลูกพ่อเดินให้สุดไ้ไหนล
222,ถ้าเกิดว่าคุณอยากที่จะก๊อปแบบลับลับไม่อยากให้คนอื่นรู้แต่ทีนี้เนี้ยครับมึงก๊อปแบบเปิดเผย,ถ้า เกิด ว่า คุณ อยาก ที่จะ ก๊อ ป แบบ ลับ ม่ อยาก ให้ คนอื่น รู้ แต่ ทีนี้ นี่ ย ครับ มึง ก๊อ ป แบบ เปิดเผย,ถ้า เกิด ว่า คุณ อยาก ที่จะ ก๊อ ป แบบ ลับ ลับ ไม่ อยาก ให้ คนอื่น รู้ แต่ ทีนี้ เนี้ย ครับ มึง ก๊อ ป แบบ เปิดเผย,ถ้าเกิดว่าคุณอยากที่จะก๊อปแบบลับม่อยากให้คนอื่นรู้แต่ทีนี้นี่ยครับมึงก๊อปแบบเปิดเผย
223,ไม่ได้เล่นเกมมาวันครึ่งอ่ะอาไม่เอาสูดทุโถควยลิ้น,ไน เล่น เกม มา วัน ครึ่ง อะ ไม่ เอา สุด โด ผวย ลิ้น,ไม่ ได้ เล่น เกม มา วัน ครึ่ง อ่ะ อา ไม่ เอา สูด ทุ โถ ควย ลิ้น,ไนเล่นเกมมาวันครึ่งอะไม่เอาสุดโดผวยลิ้น
224,พยายามจะอยู่ในแสงจะเห็นได้ว่าคลิปของเขาเนี้ยจะก็อปมาหมด,พยายาม จะ อยู่ ใน แสง จ เห็น ได้ ว่า คลิป ของ เขา เนี่ย จะ ก๊อ ป มา หมด,พยายาม จะ อยู่ ใน แสง จะ เห็น ได้ ว่า คลิป ของ เขา เนี้ย จะ ก็อป มา หมด,พยายามจะอยู่ในแสงจเห็นได้ว่าคลิปของเขาเนี่ยจะก๊อปมาหมด
225,กรึดตรงไปพัทแย้แล้วจะถึงว้อกกิ้งสรื้ทเรียกชายหาดพัทเยิทเนี่ยพัทแย้เนี่ย,ป็น กุ๋ย ตรง ไป พัทแยก็จะ ถึง ว้อกกิ้งส ตริ ท เลียบ ชายหาด พัท เย้ เนี่ย พัด ท แย้ เนี่ย,ก รึ ด ตรง ไป พัท แย้ แล้ วจะ ถึง ว้อกกิ้งสรื้ท เรียก ชายหาด พัทเยิท เนี่ย พัท แย้ เนี่ย,ป็นกุ๋ยตรงไปพัทแยก็จะถึงว้อกกิ้งสตริทเลียบชายหาดพัทเย้เนี่ยพัดทแย้เนี่ย
226,คือกูอ่านปุ๊ป,คือ กู อ่าน ปุ๊บ,คือ กู อ่าน ปุ๊ ป,คือกูอ่านปุ๊บ
227,กูอีกแล้วหรอมึงเจอกูแน่เย็ดแม่ย้า,ไอ้ กุ๋ย อี เลี้ยว่ มึง เจอ กู เนี่ เย็ด แม่ เหี้ย,กู อีกแล้ว หรอ มึง เจอ กู แน่ เย็ด แม่ ย้า,ไอ้กุ๋ยอีเลี้ยว่มึงเจอกูเนี่เย็ดแม่เหี้ย
228,ไอ้เวร,ไอ้เวร,ไอ้เวร,ไอ้เวร
229,แต่เพราะว่ามันทำปกเองไม่ได้ครับมันไม่ได้รู้จักคำว่าความคิดสร้าง,แต่ เพราะว่า มัน ทำ ปก เอง ไม่ ได้ ครับ มัน ไม่ รู้จัก คำ ว่า ความคิด สร้าง สุง์,แต่ เพราะว่า มัน ทำ ปก เอง ไม่ ได้ ครับ มัน ไม่ ได้ รู้จัก คำ ว่า ความคิด สร้าง,แต่เพราะว่ามันทำปกเองไม่ได้ครับมันไม่รู้จักคำว่าความคิดสร้างสุง์
230,โมโหแล้วเนี่ยหู้วเดี๋ยวเดี๋ยวมึงเจอกูไอ้แวนถือว่ามึงรอด,มึง โห่ แล้ว เนี่ย หู้ว เดี๋ยวนี้ เดี๋ยว มึง เจอ กู ไอ้ แว นู ใว้า มึง รอด,โมโห แล้ว เนี่ย หู้ว เดี๋ยว เดี๋ยว มึง เจอ กู ไอ้ แวน ถือว่า มึง รอด,มึงโห่แล้วเนี่ยหู้วเดี๋ยวนี้เดี๋ยวมึงเจอกูไอ้แวนูใว้ามึงรอด
231,คนแต่ละคนจะมีแล้วแต่ไซส์มึงตัวเล็กตัวใหญ่ตัวบางตัวขาวน่าพอกมาหน้าวองลูกกระเดือก,ค แต่ละคน จะ มี ละ แต ไซ ค์ มึง ตัวเล็ก ตัว ใหญ่ ตัว บาง ตัว ขา หน้า พอก เมา หน้า วอ ง มี ลูกกระเดือก,คน แต่ละคน จะ มี แล้วแต่ ไซส์ มึง ตัวเล็ก ตัว ใหญ่ ตัว บาง ตัว ขาว น่า พอก มา หน้า วอ ง ลูกกระเดือก,คแต่ละคนจะมีละแตไซค์มึงตัวเล็กตัวใหญ่ตัวบางตัวขาหน้าพอกเมาหน้าวองมีลูกกระเดือก
232,แต่ว่าระดับความคริ้นของเขาเนี่ยครับสูงโคตรโคตร,แต่ว่า ระดับ ความ คริ้ง ของ เขา เนี่ย ครับ สูง โคตร โคตร,แต่ว่า ระดับ ความ ค ริ้น ของ เขา เนี่ย ครับ สูง โคตร โคตร,แต่ว่าระดับความคริ้งของเขาเนี่ยครับสูงโคตรโคตร
233,เดี๋ยวรู้เลยนี่นี่ไอ้แวนไอ้แวนไอ้แวนแวนไปไหนวะนี่แวนมันอยู่แถวนี้,เดี๋ยว รู้ เลย นี้ นี ไอ้ แวน อ้ แว้ น ไอ้ แวน แว้ น ไป หนอ วะ นีแว๊น อยู่ แถว เนี้,เดี๋ยว รู้ เลย นี่ นี่ ไอ้ แวน ไอ้ แวน ไอ้ แวน แวน ไป ไหน วะ นี่ แวน มัน อยู่ แถว นี้,เดี๋ยวรู้เลยนี้นีไอ้แวนอ้แว้นไอ้แวนแว้นไปหนอวะนีแว๊นอยู่แถวเนี้
234,เอาง่ายง่ายก็คือกูก็คือมึงในอนาคตนั่นแหละไอ้สัส,เาแ่ง ไง ก็ คือ กู ก็ คือ มึง ในอนาคต นั่น หละ ไอ้ สัส,เอา ง่าย ง่าย ก็ คือ กู ก็ คือ มึง ในอนาคต นั่นแหละ ไอ้ สัส,เาแ่งไงก็คือกูก็คือมึงในอนาคตนั่นหละไอ้สัส
235,แม่มึงอ่ะโดนเย็ดพวกปากีสถานน่ะ,แม่ อ่ มึง อ โดน เย็ด พวก ปาว กี สถาน อ่ะ,แม่ มึง อ่ะ โดน เย็ด พวก ปากีสถาน น่ะ,แม่อ่มึงอโดนเย็ดพวกปาวกีสถานอ่ะ
236,ครับไม่ได้หมายความว่ามันต้องการที่จะพากย์เพื่อให้คอนเทนท์มันดี,ั ไม่ ได้ เพราะว่า มัน ต้องการ เชียบ พาก เพื่อให้ คอนเทนต์ มันดี กั,ครับ ไม่ ได้ หมายความว่า มัน ต้องการ ที่จะ พากย์ เพื่อให้ คอนเทนท์ มันดี,ัไม่ได้เพราะว่ามันต้องการเชียบพากเพื่อให้คอนเทนต์มันดีกั
237,เห้ยดาบดาบทาลอนไม่ใช่ดาบฟาร์มเรียกผิดจังเลยผมกลับบ้านเอาเลือดก่อนผมพายามจะเซฟตัวเองให้มาก,เห้ย ดาบ ดับ ทา ลอน ไม่ ใช่ ดาบ ฟาร์ม เรียก ผี จึง เลย กับ บ้าน เรา เลือด กว่า ผม พ ยา ยาก กระ เส บ ตัน ยังไง ได้,เห้ย ดาบ ดาบ ทา ลอน ไม่ ใช่ ดาบ ฟาร์ม เรียก ผิด จัง เลย ผม กลับบ้าน เอา เลือด ก่อน ผม พา ยาม จะ เซฟ ตัวเอง ให้ มาก,เห้ยดาบดับทาลอนไม่ใช่ดาบฟาร์มเรียกผีจึงเลยกับบ้านเราเลือดกว่าผมพยายากกระเสบตันยังไงได้
238,ไปใหม่ละพ่นทุเวลคั่มถูกทะแย้เหี้ยแบบมีมีหีพ่นไฟมีหี,เไม ไล้ ว พ้น ทุก เวล ข้าม ทู กถ แย้ เหี้ย แบบ มี มี หี พ่น ไฟ มี หี,ไป ใหม่ ละ พ่น ทุ เวล คั่ม ถูก ทะ แย้ เหี้ย แบบ มี มี หี พ่น ไฟ มี หี,เไมไล้วพ้นทุกเวลข้ามทูกถแย้เหี้ยแบบมีมีหีพ่นไฟมีหี
239,เมียนายและไม่เป็นเมียที่ไม่ผัวเอาโถ่อยากรู้กูเต้าจริงกูเต้าปลอมถ้ามึง,มี นาย แร้ว ก็ ถ้า เป็น เมีย ที่ ไม่ หัว เอา โก บอ ยาก หรู กู เต้า ติง กู ต้า ปลอม อะ,เมีย นาย และ ไม่ เป็น เมีย ที่ ไม่ ผัว เอา โถ่ อยากรู้ กู เต้า จริง กู เต้า ปลอม ถ้า มึง,มีนายแร้วก็ถ้าเป็นเมียที่ไม่หัวเอาโกบอยากหรูกูเต้าติงกูต้าปลอมอะ
240,ซ่องแม่มึงอ่ะไอ้สัด,ซอง แม่ มึง ไง ไอ้ สัด,ซ่อง แม่ มึง อ่ะ ไอ้ สัด,ซองแม่มึงไงไอ้สัด
241,เด็กดีตอนนี้ก็เป็นเด็กผู้ชายน่ารักตอนนั้นไม่มีความรู้เรื่องเรื่องเอ่อเรื่องเที่ยวกลางคืน,เด็กดี ตอนนี้ ก็ เป็น เด็กผู้ชาย น่ารัก ตอนนั้น ไห ม่ มีความรู้ เรื่อง เรื่อง เอ่อ เที่ยว กัน คือ,เด็กดี ตอนนี้ ก็ เป็น เด็กผู้ชาย น่ารัก ตอนนั้น ไม่ มีความรู้ เรื่อง เรื่อง เอ่อ เรื่อง เที่ยว กลางคืน,เด็กดีตอนนี้ก็เป็นเด็กผู้ชายน่ารักตอนนั้นไหม่มีความรู้เรื่องเรื่องเอ่อเที่ยวกันคือ
242,กูไปนอนบนเข่าเขาแล้วเขาตีตูดกูอะ,กู ไป นอน บน เขา เขา แล้ว เขา ตี้ ตู,กู ไป นอน บน เข่า เขา แล้ว เขา ตี ตูด กู อะ,กูไปนอนบนเขาเขาแล้วเขาตี้ตู
243,คือมึงขอฝากนักก๊อปเลยอ่ะ,คือ มึง ของฝาก นัก ก๊อ ป เลย อะ,คือ มึง ขอ ฝาก นัก ก๊อ ป เลย อ่ะ,คือมึงของฝากนักก๊อปเลยอะ
244,ผู้หญิงก็เรียกผู้จัดการร้านกัปตันเรียกกัปตันไม่ใช่ผู้จัดการเป็นกัปตันมาเขาบอกว่า,โห่ โ เป็น ค ผู้หญิง เละ น่อ ผู้ จัด ล้ ร้าน กัตัน ลีก อัต ัน่่ ผู้ จร ไป ไก ับ ตัน มา เพา บก ว่า,ผู้หญิง ก็ เรียก ผู้จัดการ ร้าน กัปตัน เรียก กัปตัน ไม่ ใช่ ผู้จัดการ เป็น กัปตัน มา เขา บอ กว่า,โห่โเป็นคผู้หญิงเละน่อผู้จัดล้ร้านกัตันลีกอัตัน่่ผู้จรไปไกับตันมาเพาบกว่า
245,เดี๋ยวกูแบนทิ้งเลยแม่งเล่นไม่เป็นหยิบมาทำเหี้ยอะไรวะถอยเลย,คือ แมง ทิ้ง เลย แม่ ง เล่น ไม่ เป็น ยิป มา อะ เหี้ย ไร วะ ควอย เลย,เดี๋ยว กู แบน ทิ้ง เลย แม่ ง เล่น ไม่ เป็น หยิบ มา ทำ เหี้ย อะไร วะ ถอย เลย,คือแมงทิ้งเลยแม่งเล่นไม่เป็นยิปมาอะเหี้ยไรวะควอยเลย
246,มากเดี๋ยวกูก็ล่อแม่งทั้งหยากกูตอนที่มึงปูก็ไม่มีใครอยากดูไอ้สัส,มึ มาก เดี๋ยว กู ก็ โล่ แม่ ง ทั้ง ยาก กู ตอนที่ มึง โจ ก็ ไม่ มี ใคร เขา อยาก รู อี สัด,มาก เดี๋ยว กู ก็ ล่อ แม่ ง ทั้ง ห ยาก กู ตอนที่ มึง ปู ก็ ไม่ มี ใคร อยาก ดู ไอ้ สัส,มึมากเดี๋ยวกูก็โล่แม่งทั้งยากกูตอนที่มึงโจก็ไม่มีใครเขาอยากรูอีสัด
247,แม่งกระโดดกระชากเสื้อตลอดทางเฮลโหลเฟนหนึ่งกูไม่โดนเหี้ยอะไรก็เป็นเหมือนผีนางเดิน,เม ีง ก็ โดน กระชาก เสื้อ ตลอดทาง โถ ย เฮ ล โหล เซน นึก กู ไม่ โดน เหี้ย ร้เหือนป นั้น เดิน,แม่ งก ระ โดด กระชาก เสื้อ ตลอดทาง เฮ ล โหล เฟน หนึ่ง กู ไม่ โดน เหี้ย อะไร ก็ เป็น เหมือน ผี นาง เดิน,เมีงก็โดนกระชากเสื้อตลอดทางโถยเฮลโหลเซนนึกกูไม่โดนเหี้ยร้เหือนปนั้นเดิน
248,อ่ะเอาดิเอาดิผมเข้ามันได้นะดูดูดูดูโอโหตายบอกได้คำเดียวว่าตายผมตีโคตรเร็วดูดิ,เอา เดี๋ยว อี่ ผม เข้า มาลา ละ ดู ดู ดูด ด ดู โอ้โห ตาย บอก ได้ กบ เดียว ก่า ตาย ผม ตี ม โคน เลว,อ่ะ เอา ดิ เอา ดิ ผม เข้า มัน ได้ นะ ดู ดู ดู ดูโอ โห ตาย บอก ได้ คำ เดียว ว่า ตาย ผม ตี โคตร เร็ว ดูดิ,เอาเดี๋ยวอี่ผมเข้ามาลาละดูดูดูดดดูโอ้โหตายบอกได้กบเดียวก่าตายผมตีมโคนเลว
249,ไอ้เหี้ยมันก็เกินไป,ไอ้ เหี้ย มัน ก็ เกินไป,ไอ้ เหี้ย มัน ก็ เกินไป,ไอ้เหี้ยมันก็เกินไป
250,ไอ้เหี้ย,ไอ้ เหี้ย,ไอ้ เหี้ย,ไอ้เหี้ย
251,ฆ่าตัวตาย,ฆ่า ตอ จ ตา ย่อ,ฆ่าตัวตาย,ฆ่าตอจตาย่อ
252,เรียนญี่ปุ่นรวบลวกข้างในเลยรวบเลยแบบเต็มอ่ะแบบอุ้มมือเลยเต็มเหี้ยเหี้ยแบบ,กรี ยน ญี่ปุ่น หืรวบ ลวก ข้า ใน เลย หืวบ เลย แบบ เต็ม อ่ะ บอ กว่า มือ เลย เต็ม เหี้ย แบบ,เรียน ญี่ปุ่น รวบ ลวก ข้างใน เลย รวบ เลย แบบ เต็ม อ่ะ แบบ อุ้ม มือ เลย เต็ม เหี้ย เหี้ย แบบ,กรียนญี่ปุ่นหืรวบลวกข้าในเลยหืวบเลยแบบเต็มอ่ะบอกว่ามือเลยเต็มเหี้ยแบบ
253,แล้วแม่งก็บอกว่าทำไมมึงไม่บอกว่าคลิปที่กูคิดเองว่าแม่งก๊อปบ้าง,แล้ว แม่น ก็ บอ กว่า ทำไม มึง ไม่ บอ กว่า คลิป ที่ กู คิด เอง ว่า แม่ ง ก๊อ ป บ้าง เลอ,แล้ว แม่ ง ก็ บอ กว่า ทำไม มึง ไม่ บอ กว่า คลิป ที่ กู คิด เอง ว่า แม่ ง ก๊อ ป บ้าง,แล้วแม่นก็บอกว่าทำไมมึงไม่บอกว่าคลิปที่กูคิดเองว่าแม่งก๊อปบ้างเลอ
254,เที่ยโอเคแล้วด้วยความเป็นคนใต้เนาะเขาจะพูดแบบเขาจะพูดมีนาสิกอยู่ในจมูกลูกหลานลิ้น,ีเที่ย โอเค โล้ ว อือ ด้วย ควม เป็น คน ค้ ตา น่ะ เขา จะ พูด แบบ พ เขา จะ พูด มี นาน สิ กอ ยู่ ใน จมูก แล้ว หลาน รี้,เที่ย โอเค แล้วด้วย ความ เป็น คนใต้ เนาะ เขา จะ พูด แบบ เขา จะ พูด มี นาสิก อยู่ ใน จมูก ลูกหลาน ลิ้น,ีเที่ยโอเคโล้วอือด้วยควมเป็นคนค้ตาน่ะเขาจะพูดแบบพเขาจะพูดมีนานสิกอยู่ในจมูกแล้วหลานรี้
255,เป็นร้านนั่งดริ้งผมก็สั่งแก้วเหล้ามีผู้หญิงมานั่งคุยด้วยไม่ไม่รู้ว่าเน็นเด็กดริ้งให้นั่งด้วยไหมไม่เป็นไร,เป็น ล้า นั่ง ริ้งอง ก็ สั่ง แก้ว รัก มี ผู้ ญิง มา นั่ง คุย ด้วย ไ ไม่ ไม่ รู้ เด ็เน็กลิ้ง ให้ นั่ โด ไ เป็นไร,เป็น ร้าน นั่ง ดริ้งผม ก็ สั่ง แก้ว เหล้า มี ผู้หญิง มา นั่ง คุย ด้วย ไม่ ไม่ รู้ ว่า เน็น เด็ก ดริ้ง ให้ นั่ง ด้วย ไหม ไม่เป็นไร,เป็นล้านั่งริ้งองก็สั่งแก้วรักมีผู้ญิงมานั่งคุยด้วยไไม่ไม่รู้เด็เน็กลิ้งให้นั่โดไเป็นไร
256,เดี๋ยวพี่จะซื้อรถให้ให้ขี่ไปมหาลัยมันบอกว่าอยากได้เดี๋ยวนี้ไม่รู้ทำไมอีกสามวันต่อมา,แต่ พี่ จะ ซื้อ รถ ให้ ให้ ขี่ เป็น มหาลัย นึก มัน บอ กว่า จ ได้ เดี๋ยวนี้ ไม่ รู้ ทำไม อีก สาม วัน ต่อมา,เดี๋ยว พี่ จะ ซื้อ รถ ให้ ให้ ขี่ ไป มหาลัย มัน บอ กว่า อยากได้ เดี๋ยวนี้ ไม่ รู้ ทำไม อีก สาม วัน ต่อมา,แต่พี่จะซื้อรถให้ให้ขี่เป็นมหาลัยนึกมันบอกว่าจได้เดี๋ยวนี้ไม่รู้ทำไมอีกสามวันต่อมา
257,คุณป้องเป็นควยไรมากไหมครับ,คุณ ป้อง เป็น ควย ไล้ มาก ไม อะ,คุณ ป้อง เป็น ควย ไร มาก ไหม ครับ,คุณป้องเป็นควยไล้มากไมอะ
258,ตอแหลอีสัสตอนแรกก็ทำเป็นขิงพอเดินเข้ามาทักทำหน้าเป็นผี,ม ต่อ แห ร ไอ้ สัด ตอน เรือก ก็ ทำเป็น เผ ก มึง นค อ เดิน เข้ามา สัข้าว ทำ หน้า ที อี,ตอแหล อี สัสต อน แรก ก็ ทำเป็น ขิง พอ เดิน เข้ามา ทัก ทำ หน้าเป็น ผี,มต่อแหรไอ้สัดตอนเรือกก็ทำเป็นเผกมึงนคอเดินเข้ามาสัข้าวทำหน้าทีอี
259,ที่ก๊อปตั้มเนลล์ชื่อคลิปหรือแม้กระทั่งคอนเทนท์ของตัวคลิปเอง,ที่ ก๊อ ปตั้มเนล ชื่อ คลิป หรือ แม้กระทั่ง คอนเทนต์ ของ ตัว คลิป เอง,ที่ ก๊อ ปตั้มเนลล์ ชื่อ คลิป หรือ แม้กระทั่ง คอนเทนท์ ของ ตัว คลิป เอง,ที่ก๊อปตั้มเนลชื่อคลิปหรือแม้กระทั่งคอนเทนต์ของตัวคลิปเอง
260,สวดมนต์พ่อสวดมนต์อยู่หรือกำลังจะสวดมนต์กำลังจะสวดมนต์งั้นผมถามอะไรพ่ออย่างนึงแบบไม่รีบรียเลย,ส่วน มน พ่อ สวด มน ตอ ยู่ เล ยา จะ สว นุ กอ กำลังจะ กส่นร งั้น ผม ถาม พ่อ รา อย่า แบบ ไม้ รีบ รีบ เลย,สวดมนต์ พ่อ สวดมนต์ อยู่ หรือ กำลังจะ สวดมนต์ กำลังจะ สวดมนต์ งั้น ผม ถาม อะไร พ่อ อย่าง นึง แบบ ไม่ รีบ รี ย เลย,ส่วนมนพ่อสวดมนตอยู่เลยาจะสวนุกอกำลังจะกส่นรงั้นผมถามพ่อราอย่าแบบไม้รีบรีบเลย
261,ยี่ส่วนตรงนั้นหรอไอ้สุลต่านหรอลืมเมียหมดแล้วหน้าแดงแล้วกิน,สวย ตรงนั้น อะ ไอ้ สุลต่าน นะ ลืม เมีย ไร ะ เหี้ย หน้าแดง วัน แล้ วน ชี่ กิ,ยี่ ส่วน ตรงนั้น หรอ ไอ้ สุลต่าน หรอ ลืม เมีย หมด แล้ว หน้าแดง แล้ว กิน,สวยตรงนั้นอะไอ้สุลต่านนะลืมเมียไระเหี้ยหน้าแดงวันแล้วนชี่กิ
262,สิ่งที่ผมไม่เข้าใจก็คือทำไมถึงยังมีคนทำอะไรอย่างงี้,สิ่ง ที่ ผม ไม่ เข้าใจ ก็ คือ ทำไม ถึง ยังมี คน ทำ อะไร อย่างงี้,สิ่ง ที่ ผม ไม่ เข้าใจ ก็ คือ ทำไม ถึง ยังมี คน ทำ อะไร อย่างงี้,สิ่งที่ผมไม่เข้าใจก็คือทำไมถึงยังมีคนทำอะไรอย่างงี้
263,เรื่องอืมอ้าเหี้ยพูดำว่าตอนนั้นใช่ตอนนั้นตอนนั้นไม่รู้ตอนนี้ก็ยังไม่รู้ตอนนี้ก็ยังเป็น,ลึง อืม อะ เหี้ย พูด เขา ตอนนั้น ถ้า ตอนนั้น ตัน ไม่ รู ตอน ยั ไม่ รู้ อน ยัง เป็น,เรื่อง อืม อ้า เหี้ย พู ดำ ว่า ตอนนั้น ใช่ ตอนนั้น ตอนนั้น ไม่ รู้ ตอนนี้ ก็ ยัง ไม่ รู้ ตอนนี้ ก็ ยัง เป็น,ลึงอืมอะเหี้ยพูดเขาตอนนั้นถ้าตอนนั้นตันไม่รูตอนยัไม่รู้อนยังเป็น
264,ไอ้เหี้ยกูเนี่ยในวงการ,อี เหี้ย ให้ กู ไน ี ใน วง กลา ร,ไอ้ เหี้ย กู เนี่ย ใน วงการ,อีเหี้ยให้กูไนีในวงกลาร
265,แล้วกูไม่ได้ทำปกคลิปเหมือนกับเขาทุกคนก็จะไม่รู้ว่ากูเขามา,แล้ว กู ไม่ ได้ ทำ ปก คลิป เหมือนกับ เขา ทุกคน ก็ จะ ไม่ รู้ ว่า กู ก๊อ ป เขา มา,แล้ว กู ไม่ ได้ ทำ ปก คลิป เหมือนกับ เขา ทุกคน ก็ จะ ไม่ รู้ ว่า กู เขา มา,แล้วกูไม่ได้ทำปกคลิปเหมือนกับเขาทุกคนก็จะไม่รู้ว่ากูก๊อปเขามา
